{"position": [[-9.0, 0.1, -3.5], [-3.0, 0.1, -4.0], [-5.0, 0.1, 1.0], [1.0, 0.1, -3.0], [-0.0, 3.1, 0.0], [-3.0, 3.1, 0.0], [-8.5, 0.1, -4.0], [-2.5, 0.1, -4.5], [-4.5, 0.1, 0.5], [1.5, 0.1, -3.5], [0.5, 3.1, -0.5], [-2.5, 3.1, -0.5]], "number_of_bots": 8, "bot_trajectory": [[0.08325205314227302, 0.022617548041989156, -9.0, -3.5, 3.1390387181197092, 0.2997834535859026], [0.0010478424736939274, 0.011197205372566332, -3.0, -4.0, 2.2233934347280853, 0.27830402710377383], [0.09326586467686257, 0.07662059085610869, -5.0, 1.0, 2.8414944656441694, 0.28168505669617533], [0.0200975900377788, 0.058563141268631345, 1.0, -3.0, 1.8377466403869656, 0.359006791329232], [0.07791322553450199, 0.040117550203486105, -0.0, 0.0, 0.4304750363151214, 0.46341892574079857], [0.08304447549330088, 0.0030727204124737727, -3.0, 0.0, 0.6010710564161658, 0.4869110808169377], [0.07236726041725594, 0.010119843519885607, -8.5, -4.0, 0.2681612798591169, 0.32639758607738245], [0.007018963383524169, 0.010709284581327982, -2.5, -4.5, 0.6183999930909161, 0.3068074985185683]]}