{"position": [[0.0, 1.3, 0.7], [4.0, 1.3, 0.1], [4.0, 1.3, 1.8], [3.0, -1.6, 0.0], [2.0, -1.6, 0.0], [3.5, -1.6, 0.0], [0.5, 1.3, 0.19999999999999996], [4.5, 1.3, -0.4], [4.5, 1.3, 1.3], [3.5, -1.6, -0.5], [2.5, -1.6, -0.5], [4.0, -1.6, -0.5]], "number_of_bots": 4, "bot_trajectory": [[0.027197122106629345, 0.06838872115876593, 0.0, 0.7, 1.1727191082771002, 0.48471627610493573], [0.08341146997135047, 0.08317155350146724, 4.0, 0.1, 0.34315311746342503, 0.3493487571284567], [0.014203602604533539, 0.04706040618842224, 4.0, 1.8, 0.3355842760470365, 0.4350424789873994], [0.04088304532627897, 0.07215185212904021, 3.0, 0.0, 2.2784865376914647, 0.3929995696970532]]}