{"position": [[-1.0, 0.0, -2.0], [-3.0, 0.0, -4.0], [-5.0, 0.0, 1.0], [-7.0, 0.0, 3.0], [-7.0, 0.0, -5.0], [1.0, 0.0, -10.0], [-0.5, 0.0, -2.5], [-2.5, 0.0, -4.5], [-4.5, 0.0, 0.5], [-6.5, 0.0, 2.5], [-6.5, 0.0, -5.5], [1.5, 0.0, -10.5]], "number_of_bots": 2, "bot_trajectory": [[0.01950667834372354, 0.03709281548125583, -1.0, -2.0, 2.6879872728643024, 0.34003200374100223], [0.0681902865691001, 0.05602190554220364, -3.0, -4.0, 0.13348943614446468, 0.35969923686253086]]}