{"position": [[-1.5, 0.1, -2.5], [3.6, 0.1, -0.5], [-9.5, 0.1, -1.0], [0.0, 3.1, 2.0], [8.0, 0.1, 4.5], [-3.0, 3.1, 1.0], [-1.0, 0.1, -3.0], [4.1, 0.1, -1.0], [-9.0, 0.1, -1.5], [0.5, 3.1, 1.5], [8.5, 0.1, 4.0], [-2.5, 3.1, 0.5]], "number_of_bots": 6, "bot_trajectory": [[0.06147180987819621, 0.04735273712845399, -1.5, -2.5, 1.2358427197874113, 0.4941717292954826], [0.01777100784512241, 0.03103620764854812, 3.6, -0.5, 0.9107788170902721, 0.292595624362641], [0.07693422436691956, 0.023610159993082126, -9.5, -1.0, 2.530434230897541, 0.39492654730202587], [0.04740316183054921, 0.06079367550049779, 0.0, 2.0, 1.0656313631511827, 0.5086475699938702], [0.03271772870871699, 0.08445823404001233, 8.0, 4.5, 2.860895423516509, 0.436728035310435], [0.0418625916440011, 0.008632692386881635, -3.0, 1.0, 0.8716345680855787, 0.38654606670580105]]}