{"position": [[-8.886018753051758, 0.20908097922801971, -0.05989503860473633], [-9.886018753051758, 0.20908097922801971, -0.05989503860473633], [-4.3860182762146, 0.20908097922801971, -2.0598950386047363], [-4.3860182762146, 0.20908097922801971, 0.44010496139526367], [-10.886018753051758, 0.20908097922801971, 0.44010496139526367], [-4.8860182762146, 0.20908097922801971, -0.05989503860473633], [-8.386018753051758, 0.20908097922801971, -0.5598950386047363], [-9.386018753051758, 0.20908097922801971, -0.5598950386047363], [-3.8860182762145996, 0.20908097922801971, -2.5598950386047363], [-3.8860182762145996, 0.20908097922801971, -0.05989503860473633], [-10.386018753051758, 0.20908097922801971, -0.05989503860473633], [-4.3860182762146, 0.20908097922801971, -0.5598950386047363]], "number_of_bots": 4, "bot_trajectory": [[0.053258498730718085, 0.09196707156104096, -8.886018753051758, -0.05989503860473633, 0.9886157054262458, 0.29602846348877143], [0.08160465284339019, 0.09609446350538425, -9.886018753051758, -0.05989503860473633, 1.7300282889207648, 0.48665862018001327], [0.04911933670507594, 0.0406884006659111, -4.3860182762146, -2.0598950386047363, 2.0074160682886, 0.5065561707802722], [0.0052408064421237245, 0.07741168284694969, -4.3860182762146, 0.44010496139526367, 0.001982767486524679, 0.45075161251589085]]}