{"position": [[-1.0, 0.0, -2.0], [-3.0, 0.0, -4.0], [-5.0, 0.0, 1.0], [-7.0, 0.0, 3.0], [-7.0, 0.0, -5.0], [1.0, 0.0, -10.0], [-0.5, 0.0, -2.5], [-2.5, 0.0, -4.5], [-4.5, 0.0, 0.5], [-6.5, 0.0, 2.5], [-6.5, 0.0, -5.5], [1.5, 0.0, -10.5]], "number_of_bots": 4, "bot_trajectory": [[0.07010352406974836, 0.09153866202529579, -1.0, -2.0, 1.4316810774584843, 0.3169738769713961], [0.06115340327676597, 0.0687372717704616, -3.0, -4.0, 0.8411224335083417, 0.4076528594992762], [0.018033045847657646, 0.02517933962557902, -5.0, 1.0, 1.2535503734325688, 0.4305733546053085], [0.028619960007108914, 0.08480323061405884, -7.0, 3.0, 2.480332043751438, 0.39668265806310943]]}