{"position": [[-0.6355785727500916, 0.15547728538513184, -2.594533681869507], [3.664421319961548, 0.15547728538513184, -3.094533681869507], [3.664421319961548, 0.15547728538513184, -2.894533634185791], [3.664421319961548, 0.15547728538513184, -3.2945337295532227], [3.664421319961548, 0.15547728538513184, -2.694533586502075], [3.664421319961548, 0.15547728538513184, -2.4945337772369385], [-0.13557857275009155, 0.15547728538513184, -3.094533681869507], [4.164421319961548, 0.15547728538513184, -3.594533681869507], [4.164421319961548, 0.15547728538513184, -3.394533634185791], [4.164421319961548, 0.15547728538513184, -3.7945337295532227], [4.164421319961548, 0.15547728538513184, -3.194533586502075], [4.164421319961548, 0.15547728538513184, -2.9945337772369385]], "number_of_bots": 2, "bot_trajectory": [[0.06339045076106141, 0.026597505552747445, -0.6355785727500916, -2.594533681869507, 1.041980148605204, 0.45891616053822687], [0.011883059714811628, 0.04884241435028982, 3.664421319961548, -3.094533681869507, 1.2482595437288746, 0.2873580618154812]]}