{"position": [[-0.5979987978935242, 0.10629677772521973, -1.9300975799560547], [1.402001142501831, 0.10629677772521973, -2.1800975799560547], [2.402001142501831, 0.10629677772521973, -2.1800975799560547], [1.902001142501831, 0.10629677772521973, -2.1800975799560547], [-0.09799879789352417, 0.10629677772521973, -1.9300975799560547], [2.902001142501831, 0.10629677772521973, -2.9300975799560547], [-0.09799879789352417, 0.10629677772521973, -2.4300975799560547], [1.902001142501831, 0.10629677772521973, -2.6800975799560547], [2.902001142501831, 0.10629677772521973, -2.6800975799560547], [2.402001142501831, 0.10629677772521973, -2.6800975799560547], [0.40200120210647583, 0.10629677772521973, -2.4300975799560547], [3.402001142501831, 0.10629677772521973, -3.4300975799560547]], "number_of_bots": 2, "bot_trajectory": [[0.02343225958899712, 0.031139702614863384, -0.5979987978935242, -1.9300975799560547, 0.3697036596611765, 0.3727318859196379], [0.04085740642970702, 0.09976761807979127, 1.402001142501831, -2.1800975799560547, 2.3609983250781497, 0.3419760050041284]]}