{"position": [[6.968893051147461, 0.10537028312683105, -2.4992222785949707], [7.968893051147461, 0.10537028312683105, -3.4992222785949707], [11.968893051147461, 0.10537028312683105, -4.499222278594971], [10.968893051147461, 0.10537028312683105, -5.499222278594971], [9.968893051147461, 0.10537028312683105, -2.4992222785949707], [11.968893051147461, 0.10537028312683105, -4.499222278594971], [7.468893051147461, 0.10537028312683105, -2.9992222785949707], [8.468893051147461, 0.10537028312683105, -3.9992222785949707], [12.468893051147461, 0.10537028312683105, -4.999222278594971], [11.468893051147461, 0.10537028312683105, -5.999222278594971], [10.468893051147461, 0.10537028312683105, -2.9992222785949707], [12.468893051147461, 0.10537028312683105, -4.999222278594971]], "number_of_bots": 4, "bot_trajectory": [[0.039741328830346624, 0.024065597238584514, 6.968893051147461, -2.4992222785949707, 0.38758554820206226, 0.4253088541206799], [0.09921779666413504, 0.007935567670448151, 7.968893051147461, -3.4992222785949707, 1.466970657419022, 0.42826550532809576], [0.08836789051823854, 0.039301482540944524, 11.968893051147461, -4.499222278594971, 1.6527604171022041, 0.37551381943700757], [0.07286283506045725, 0.044888952153722295, 10.968893051147461, -5.499222278594971, 0.7782568172013135, 0.2770007046569169]]}