{"position": [[-1.0, 0.1, -2.0], [-3.0, 0.1, -4.0], [1.0, 0.1, 4.0], [-4.0, 0.1, 4.5], [-4.0, 0.1, 2.5], [3.0, 0.1, 1.5], [-0.5, 0.1, -2.5], [-2.5, 0.1, -4.5], [1.5, 0.1, 3.5], [-3.5, 0.1, 4.0], [-3.5, 0.1, 2.0], [3.5, 0.1, 1.0]], "number_of_bots": 8, "bot_trajectory": [[0.049726175604913915, 0.04165257902647777, -1.0, -2.0, 2.6643626227236488, 0.33131441131532696], [0.09135216650316569, 0.04841086968251338, -3.0, -4.0, 1.361772562379369, 0.3655337304465876], [0.012306451189794875, 0.06451757149958229, 1.0, 4.0, 0.011449197696724988, 0.35640704543283935], [0.00824826376274207, 0.01104575986642411, -4.0, 4.5, 1.4080758838322662, 0.34221673520997425], [0.009511700018297365, 0.08805914409933295, -4.0, 2.5, 0.3597540782514681, 0.43453584536995277], [0.06634974058611107, 0.02053685468413412, 3.0, 1.5, 0.8900672722692139, 0.4144523420378239], [0.07413181137623684, 0.02498729780393679, -0.5, -2.5, 1.729061850659775, 0.42864727575708417], [0.017312002317822615, 0.045620034494575565, -2.5, -4.5, 1.6697144298251283, 0.3750161288724301]]}