{"position": [[0.23410861194133759, -2.508399724960327, -5.955234527587891], [-2.5658912658691406, -2.508399724960327, -1.4552345275878906], [-6.565891265869141, -2.508399724960327, -3.4552345275878906], [-8.56589126586914, -2.508399724960327, -1.4552345275878906], [-7.065891265869141, -2.508399724960327, -2.4552345275878906], [-8.56589126586914, -2.508399724960327, -5.955234527587891], [0.7341086119413376, -2.508399724960327, -6.455234527587891], [-2.0658912658691406, -2.508399724960327, -1.9552345275878906], [-6.065891265869141, -2.508399724960327, -3.9552345275878906], [-8.06589126586914, -2.508399724960327, -1.9552345275878906], [-6.565891265869141, -2.508399724960327, -2.9552345275878906], [-8.06589126586914, -2.508399724960327, -6.455234527587891]], "number_of_bots": 12, "bot_trajectory": [[0.05505305410437047, 0.036969548643014404, 0.23410861194133759, -5.955234527587891, 3.1153446848153927, 0.2917751601828536], [0.08928721158477329, 0.003361770781809892, -2.5658912658691406, -1.4552345275878906, 1.3222843132190216, 0.4482638363748835], [0.013620350039102702, 0.004943624463369855, -6.565891265869141, -3.4552345275878906, 0.8018618318430693, 0.4941556433409955], [0.007821474336262613, 0.01746608993733716, -8.56589126586914, -1.4552345275878906, 2.072164225472065, 0.4703851060735006], [0.08847152721354296, 0.022066310848980607, -7.065891265869141, -2.4552345275878906, 0.4039748165341782, 0.41267725824129187], [0.024909609520602616, 0.08289509642266792, -8.56589126586914, -5.955234527587891, 0.266703122498414, 0.4926581618811346], [0.03393725963911935, 0.04017183784837096, 0.7341086119413376, -6.455234527587891, 2.642826847772654, 0.2901343258170134], [0.013070168560914253, 0.06673522394084798, -2.0658912658691406, -1.9552345275878906, 1.2700916362112171, 0.41931457157395713], [0.08997470107719838, 0.00871113839636357, -6.065891265869141, -3.9552345275878906, 0.8026882369375177, 0.33287221768391256], [0.001517275676347163, 0.012938105841618175, -8.06589126586914, -1.9552345275878906, 2.757791325179724, 0.4220031975689007], [0.014245983147517006, 0.08646614376476576, -6.565891265869141, -2.9552345275878906, 1.1051821973738927, 0.3967186878535732], [0.014019683295557995, 0.04255425652200969, -8.06589126586914, -6.455234527587891, 0.8022332807085636, 0.4311921952559865]]}