{"position": [[0.8890125751495361, 0.03842020034790039, -3.266301155090332], [5.889012336730957, 0.1384201943874359, -1.266301155090332], [0.8890125751495361, -2.4615797996520996, -0.2663012146949768], [5.889012336730957, -2.4615797996520996, -1.266301155090332], [0.38901257514953613, 2.938420295715332, -2.266301155090332], [5.589012622833252, 2.938420295715332, -1.266301155090332], [1.3890125751495361, 0.03842020034790039, -3.766301155090332], [6.389012336730957, 0.1384201943874359, -1.766301155090332], [1.3890125751495361, -2.4615797996520996, -0.7663012146949768], [6.389012336730957, -2.4615797996520996, -1.766301155090332], [0.8890125751495361, 2.938420295715332, -2.766301155090332], [6.089012622833252, 2.938420295715332, -1.766301155090332]], "number_of_bots": 8, "bot_trajectory": [[0.0847726885171006, 0.049961465327777156, 0.8890125751495361, -3.266301155090332, 0.7840305843406433, 0.29472705331468646], [0.07319453683047132, 0.036459837550488, 5.889012336730957, -1.266301155090332, 2.0643423361057693, 0.495760323536964], [0.07955146164534711, 0.005521988272221756, 0.8890125751495361, -0.2663012146949768, 3.032776441072073, 0.43957078784612386], [0.003019374635115768, 0.037687025189338905, 5.889012336730957, -1.266301155090332, 2.2476247288417057, 0.4957924969393945], [0.06986639343236088, 0.013533181341993161, 0.38901257514953613, -2.266301155090332, 0.9099989928522361, 0.33605454605937773], [0.09998215128760005, 0.042985750264070643, 5.589012622833252, -1.266301155090332, 2.302178015143411, 0.45198658075501996], [0.006022926962987563, 0.038616246122346175, 1.3890125751495361, -3.766301155090332, 0.12324825140367365, 0.40088773283895673], [0.010844580668869664, 0.09177517263144833, 6.389012336730957, -1.766301155090332, 1.6774753216278628, 0.332669776844633]]}