{"position": [[-3.0, 0.1, -2.5], [0.5, 3.1, -1.0], [2.0, 0.1, -2.0], [5.0, 0.1, -2.0], [4.5, 3.1, -1.0], [0.0, 0.1, 3.0], [-2.5, 0.1, -3.0], [1.0, 3.1, -1.5], [2.5, 0.1, -2.5], [5.5, 0.1, -2.5], [5.0, 3.1, -1.5], [0.5, 0.1, 2.5]], "number_of_bots": 2, "bot_trajectory": [[0.06271862519449842, 0.04046831082664978, -3.0, -2.5, 1.5255597109831418, 0.3565548465834928], [0.05336476507249682, 0.06936197552868943, 0.5, -1.0, 0.5380161448418846, 0.4585482839561671]]}