{"position": [[-2.908109188079834, 0.1844160258769989, 0.08806443214416504], [1.5918906927108765, 0.1844160258769989, 0.588064432144165], [2.591890811920166, 3.084415912628174, 0.588064432144165], [-2.408109188079834, 3.084415912628174, 0.588064432144165], [-3.408109188079834, 0.1844160258769989, -0.41193556785583496], [2.591890811920166, 0.1844160258769989, 0.7880644202232361], [-2.408109188079834, 0.1844160258769989, -0.41193556785583496], [2.0918906927108765, 0.1844160258769989, 0.08806443214416504], [3.091890811920166, 3.084415912628174, 0.08806443214416504], [-1.908109188079834, 3.084415912628174, 0.08806443214416504], [-2.908109188079834, 0.1844160258769989, -0.911935567855835], [3.091890811920166, 0.1844160258769989, 0.2880644202232361]], "number_of_bots": 2, "bot_trajectory": [[0.07481161756171628, 0.008355435045053605, -2.908109188079834, 0.08806443214416504, 0.6434375871732685, 0.30209362245206395], [0.09489100790841228, 0.09198008856638931, 1.5918906927108765, 0.588064432144165, 3.066575755678015, 0.3867340808588144]]}