{"position": [[-0.10333395004272461, 0.17811724543571472, 1.6538348197937012], [-2.1033339500427246, 0.17811724543571472, 1.6538348197937012], [-2.1033339500427246, -1.821882724761963, 1.6538348197937012], [4.396666049957275, -1.821882724761963, 1.6538348197937012], [4.396666049957275, 0.17811724543571472, 1.1538348197937012], [4.896666049957275, 0.17811724543571472, 0.6538348197937012], [0.3966660499572754, 0.17811724543571472, 1.1538348197937012], [-1.6033339500427246, 0.17811724543571472, 1.1538348197937012], [-1.6033339500427246, -1.821882724761963, 1.1538348197937012], [4.896666049957275, -1.821882724761963, 1.1538348197937012], [4.896666049957275, 0.17811724543571472, 0.6538348197937012], [5.396666049957275, 0.17811724543571472, 0.15383481979370117]], "number_of_bots": 6, "bot_trajectory": [[0.007945281886684741, 0.09333942099310452, -0.10333395004272461, 1.6538348197937012, 1.610202227267434, 0.49483372225620254], [0.019520694556152917, 0.013487527078610107, -2.1033339500427246, 1.6538348197937012, 1.1684428185509452, 0.3664703933304218], [0.07741526310170693, 0.01258799346613899, -2.1033339500427246, 1.6538348197937012, 0.3643654554923342, 0.512287687307188], [0.016193944551006957, 0.015705799464142866, 4.396666049957275, 1.6538348197937012, 0.828715687437252, 0.5029528048009725], [0.05728956946829372, 0.04642613262431181, 4.396666049957275, 1.1538348197937012, 1.8780453325019313, 0.36884544128093844], [0.06462545616846269, 0.009240460528538164, 4.896666049957275, 0.6538348197937012, 1.562568097411806, 0.49078906866985206]]}