{"position": [[-1.0, 0.0, -2.0], [-3.0, 0.0, -4.0], [-5.0, 0.0, 1.0], [-7.0, 0.0, 3.0], [-7.0, 0.0, -5.0], [1.0, 0.0, -10.0], [-0.5, 0.0, -2.5], [-2.5, 0.0, -4.5], [-4.5, 0.0, 0.5], [-6.5, 0.0, 2.5], [-6.5, 0.0, -5.5], [1.5, 0.0, -10.5]], "number_of_bots": 6, "bot_trajectory": [[0.08692629520014375, 0.09758458651999367, -1.0, -2.0, 2.104727292278773, 0.32174164040186637], [0.03226308913824072, 0.004761866776830359, -3.0, -4.0, 2.566659132342339, 0.3081442988109918], [0.07167978386597135, 0.0693773849821997, -5.0, 1.0, 1.8585348301144926, 0.44759044093559675], [0.013425747324534398, 0.061467592965759196, -7.0, 3.0, 2.082347765970798, 0.388527593591654], [0.019778702301166316, 0.0640777685963829, -7.0, -5.0, 1.7801108211918808, 0.5156758685307232], [0.08565416127106507, 0.08007096582181523, 1.0, -10.0, 3.0801884294688056, 0.30744371764266565]]}