{"position": [[-2.5, 0.1, 0.0], [-5.0, 0.1, -0.5], [-0.0, -2.5, -1.0], [-9.0, 0.1, 0.0], [-5.0, 2.6, -0.0], [-8.0, 2.6, -0.0], [-2.0, 0.1, -0.5], [-4.5, 0.1, -1.0], [0.5, -2.5, -1.5], [-8.5, 0.1, -0.5], [-4.5, 2.6, -0.5], [-7.5, 2.6, -0.5]], "number_of_bots": 2, "bot_trajectory": [[0.03784106336229539, 0.05563636864082453, -2.5, 0.0, 0.04646109368184064, 0.349510787016588], [0.02190826514897465, 0.09971686843315773, -5.0, -0.5, 2.7956630875563873, 0.2639404740256013]]}