{"position": [[-9.125874519348145, 0.0995546355843544, -7.8215179443359375], [-9.225874900817871, 0.0995546355843544, -8.821517944335938], [-6.925874710083008, 4.049554824829102, -0.9215182065963745], [-5.925874710083008, 4.049554824829102, -0.3215181827545166], [-4.925874710083008, 4.249554634094238, 1.1784818172454834], [-4.425874710083008, 4.249554634094238, 1.6784818172454834], [-8.625874519348145, 0.0995546355843544, -8.321517944335938], [-8.725874900817871, 0.0995546355843544, -9.321517944335938], [-6.425874710083008, 4.049554824829102, -1.4215182065963745], [-5.425874710083008, 4.049554824829102, -0.8215181827545166], [-4.425874710083008, 4.249554634094238, 0.6784818172454834], [-3.925874710083008, 4.249554634094238, 1.1784818172454834]], "number_of_bots": 6, "bot_trajectory": [[0.07434152248057016, 0.06703195110587638, -9.125874519348145, -7.8215179443359375, 2.7535969117197987, 0.4794940644769422], [0.07794110265155571, 0.03312018869955038, -9.225874900817871, -8.821517944335938, 2.3532593271480637, 0.31377149440006036], [0.006389005111424239, 0.03191327324519292, -6.925874710083008, -0.9215182065963745, 1.614536000632417, 0.280877383403853], [0.061131310002086436, 0.06847265598315791, -5.925874710083008, -0.3215181827545166, 2.314612386815193, 0.3004813987546867], [0.07048472319303527, 0.054610111632301006, -4.925874710083008, 1.1784818172454834, 0.9746226399744131, 0.46270244964418983], [0.015375761689954526, 0.06780134263843964, -4.425874710083008, 1.6784818172454834, 0.10167148376277989, 0.43021152402435436]]}