{"position": [[1.8, 0.1, -1.5], [-1.0, 0.1, 3.0], [-5.0, 0.1, 1.0], [-7.0, 0.1, 3.0], [-5.5, 0.1, 2.0], [-7.0, 0.1, -1.5]], "number_of_bots": 6, "bot_trajectory": [[0.003253323589123136, 0.011039259235084475, 1.8, -1.5, 1.3576452969157848, 0.4966158660097235], [0.004087763420312418, 0.07054116119064471, -1.0, 3.0, 1.4344932869703306, 0.30671356105791503], [0.025503399115385773, 0.06371492656078856, -5.0, 1.0, 2.2747750301409244, 0.28854993047197175], [0.02636429610594716, 0.029790435645469338, -7.0, 3.0, 2.549717475049426, 0.33893500963613116], [0.08541755203318754, 0.06637806448177527, -5.5, 2.0, 0.338420229099027, 0.32105018920389294], [0.09840834119391545, 0.04037751957564215, -7.0, -1.5, 0.023352233804670976, 0.4480982413853102]]}