{"position": [[1.0, 0.0, -3.0], [-4.0, 0.0, -4.0], [-5.0, 0.0, 3.0], [-1.0, 3.1, -3.0], [-6.6, 0.0, -5.1], [-5.0, 3.1, -5.0]], "number_of_bots": 1, "bot_trajectory": [[0.007440745818069516, 0.012337051881870186, 1.0, -3.0, 2.9676995138564948, 0.40965222410990065]]}