{"position": [[3.0, 0.1, -3.0], [-3.0, 0.1, -4.0], [-7.0, 0.1, -5.0], [3.0, -1.9, -4.0], [-4.0, -1.9, -6.0], [0.0, -1.9, 0.0]], "number_of_bots": 3, "bot_trajectory": [[0.0617661561316004, 0.053354643995017305, 3.0, -3.0, 1.851339330427653, 0.3378657767761544], [0.0810503815220741, 0.07682145592705637, -3.0, -4.0, 2.597536469896363, 0.2981771215113823], [0.07450155500544256, 0.021462352662784824, -7.0, -5.0, 1.0089568587098114, 0.2781943651676848]]}