{"position": [[-3.0, 0.1, -2.5], [0.5, 3.1, -1.0], [2.0, 0.1, -2.0], [5.0, 0.1, -2.0], [4.5, 3.1, -1.0], [0.0, 0.1, 3.0]], "number_of_bots": 1, "bot_trajectory": [[0.04731417362429806, 0.06497030919143117, -3.0, -2.5, 1.4740431511628134, 0.3027930784046047]]}