{"position": [[-2.0, 0.0, 2.0], [2.5, 0.0, 2.5], [3.5, 2.9, 2.5], [-1.5, 2.9, 2.5], [-2.5, 0.0, 1.5], [3.5, 0.0, 2.7]], "number_of_bots": 1, "bot_trajectory": [[0.056422277534803535, 0.08289262478818689, -2.0, 2.0, 0.2972936704127643, 0.2754928964967181]]}