{"position": [[-1.0, 0.0, -2.0], [-3.0, 0.0, -4.0], [-5.0, 0.0, 1.0], [-7.0, 0.0, 3.0], [-7.0, 0.0, -5.0], [1.0, 0.0, -10.0]], "number_of_bots": 3, "bot_trajectory": [[0.029037368960345956, 0.030014717025175653, -1.0, -2.0, 0.6165309354990675, 0.3045146847190804], [0.05853558516747982, 0.0010384797497386966, -3.0, -4.0, 0.5691557387818537, 0.41780453345328994], [0.07331771279172368, 0.010827842203569814, -5.0, 1.0, 1.7815521139222954, 0.45860189760587555]]}