{"position": [[-5.0, 0.0, -2.0], [1.0, -2.0, -0.75], [1.0, -6.0, 0.0], [-1.0, -6.0, 0.0], [-5.0, -2.0, 0.0], [-2.5, -6.0, 0.0]], "number_of_bots": 2, "bot_trajectory": [[0.0838355020298737, 0.007876627106609201, -5.0, -2.0, 2.0420385017112714, 0.36351219520309075], [0.002626832618218111, 0.06469604502497518, 1.0, -0.75, 2.6194138687179307, 0.5162741000789237]]}