{"position": [[0.0, 0.0, 1.0], [-0.0, 0.0, -5.4], [-2.0, 0.0, -2.0], [-7.5, 0.0, 0.5], [7.0, 0.0, 0.0], [5.0, 0.0, 0.0]], "number_of_bots": 6, "bot_trajectory": [[0.04392318085901516, 0.010629624302125195, 0.0, 1.0, 1.7643811491952397, 0.3859177379677701], [0.05083886330119358, 0.02301211831646155, -0.0, -5.4, 2.6715004409195777, 0.3986684640902864], [0.06531022027287735, 0.03813582102768115, -2.0, -2.0, 1.3220501866224768, 0.4142737913123123], [0.019067912707057842, 0.08722491789366588, -7.5, 0.5, 1.4603619384133184, 0.521824149963068], [0.09303020490809036, 0.07053954074748633, 7.0, 0.0, 1.5683026329351955, 0.4856469110185667], [0.017660711286438823, 0.07200144004866216, 5.0, 0.0, 2.8199432314502797, 0.3816957412105898]]}