{"position": [[-1.0, 0.0, -2.0], [-3.0, 0.0, -4.0], [-5.0, 0.0, 1.0], [-7.0, 0.0, 3.0], [-7.0, 0.0, -5.0], [1.0, 0.0, -10.0]], "number_of_bots": 3, "bot_trajectory": [[0.01899411529124171, 0.07022525284268384, -1.0, -2.0, 0.34365453627652376, 0.3241817778651953], [0.05885103235288617, 0.06345853122079656, -3.0, -4.0, 2.0183111581411874, 0.4134183301913689], [0.0528236028692038, 0.03724813829450102, -5.0, 1.0, 1.622379938397556, 0.3397201697076113]]}