{"position": [[-1.0, 0.0, -2.0], [-3.0, 0.0, -4.0], [-5.0, 0.0, 1.0], [-7.0, 0.0, 3.0], [-7.0, 0.0, -5.0], [1.0, 0.0, -10.0]], "number_of_bots": 6, "bot_trajectory": [[0.05440819540207316, 0.016943354041898163, -1.0, -2.0, 3.1336947112215094, 0.5070376423751259], [0.07063095634262326, 0.013213718024633536, -3.0, -4.0, 0.23738880629729253, 0.4967166570704718], [0.09852060731167868, 0.062424031242706665, -5.0, 1.0, 1.1445127030461726, 0.35816721432933246], [0.06720246358054588, 0.06961047097924256, -7.0, 3.0, 0.6232395552691126, 0.498616559479856], [0.032016776454595164, 0.014989855006363096, -7.0, -5.0, 3.015826517648818, 0.38769267289608444], [0.002122483540372799, 0.012148981518349023, 1.0, -10.0, 1.4438787828033999, 0.46416469712251457]]}