{"position": [[-1.0, 0.0, -2.0], [-3.0, 0.0, -4.0], [-5.0, 0.0, 1.0], [-7.0, 0.0, 3.0], [-7.0, 0.0, -5.0], [1.0, 0.0, -10.0]], "number_of_bots": 3, "bot_trajectory": [[0.043985261825746635, 0.010587643842149108, -1.0, -2.0, 0.8056871957993907, 0.46778265924139045], [0.0751871595702886, 0.021053184974218143, -3.0, -4.0, 0.24624361251934215, 0.2857020322605879], [0.05217806478117039, 0.09284820529774152, -5.0, 1.0, 0.043915380778382036, 0.45887075775951514]]}