{"position": [[-9.0, 0.1, -3.5], [-3.0, 0.1, -4.0], [-5.0, 0.1, 1.0], [1.0, 0.1, -3.0], [-0.0, 3.1, 0.0], [-3.0, 3.1, 0.0]], "number_of_bots": 3, "bot_trajectory": [[0.06267655615309203, 0.07524016174122336, -9.0, -3.5, 0.20068644554469564, 0.3599743925835146], [0.0521390813973821, 0.05809764750288339, -3.0, -4.0, 0.10874072580414205, 0.38093380096013096], [0.05286453549096844, 0.04223312628393518, -5.0, 1.0, 2.797180459980066, 0.3286345626817149]]}