{"position": [[-1.0, 0.0, -2.0], [-3.0, 0.0, -4.0], [-5.0, 0.0, 1.0], [-7.0, 0.0, 3.0], [-7.0, 0.0, -5.0], [1.0, 0.0, -10.0]], "number_of_bots": 2, "bot_trajectory": [[0.09708257561240016, 0.07983950987890967, -1.0, -2.0, 1.1083210400552377, 0.27476875337625906], [0.045875960121785984, 0.09207813220394648, -3.0, -4.0, 2.390294602993157, 0.32780653059500375]]}