{"position": [[-1.0, 0.0, -2.0], [-3.0, 0.0, -4.0], [-5.0, 0.0, 1.0], [-7.0, 0.0, 3.0], [-7.0, 0.0, -5.0], [1.0, 0.0, -10.0]], "number_of_bots": 3, "bot_trajectory": [[0.02815044763381811, 0.05952865258110864, -1.0, -2.0, 2.373858042839067, 0.4190538697106395], [0.0608176724406181, 0.02281355975463716, -3.0, -4.0, 0.1319591742937788, 0.3510336285518378], [0.03605404234463801, 0.07762051684103298, -5.0, 1.0, 1.9073168951349033, 0.3755950103887707]]}