{"position": [[1.2, 0.1, -7.2], [3.0, 0.1, -5.0], [10.0, 1.0, -10.0], [10.5, 0.7, -14.0], [19.0, 2.0, 1.0], [21.5, 2.0, 2.0]], "number_of_bots": 3, "bot_trajectory": [[0.021771684246362423, 0.05361024524525284, 1.2, -7.2, 0.40371344463071523, 0.3391352163974615], [0.024653233173679446, 0.019490477358914217, 3.0, -5.0, 3.093497232868474, 0.29424442242732607], [0.0853368639407586, 0.06902965908810763, 10.0, -10.0, 0.11793093038910214, 0.33793397848766477]]}