{"position": [[-1.0, 0.0, -3.0], [-3.5, 0.0, -2.5], [-7.3, 0.0, -2.2], [-7.0, 0.0, 2.5], [-12.0, 0.0, 2.0], [-9.0, 0.0, -1.0]], "number_of_bots": 5, "bot_trajectory": [[0.04068517101256367, 0.019343638308629917, -1.0, -3.0, 0.9420693053564863, 0.3925383641728241], [0.04580066599042375, 0.018313469999377087, -3.5, -2.5, 1.7487853148407617, 0.4780378838955948], [2.7529728803410423e-05, 0.05267616461336684, -7.3, -2.2, 0.316423315309933, 0.5094924424495009], [0.030330594385190524, 0.08107314188461293, -7.0, 2.5, 0.6467578538591651, 0.37865614500088673], [0.016514934121247292, 0.015446657911631068, -12.0, 2.0, 1.787683845967457, 0.3283758977410352]]}