{"position": [[1.0, 0.0, 0.5], [7.0, 0.0, 4.0], [7.0, 0.0, 7.0], [7.0, -2.5, 7.0], [2.5, -2.5, 2.0], [1.5, -2.5, 3.0]], "number_of_bots": 5, "bot_trajectory": [[0.07220034000622431, 0.09121973750346621, 1.0, 0.5, 2.6800382332618904, 0.30298334875622707], [0.07388850738670993, 0.0030030653217878343, 7.0, 4.0, 2.609435387459557, 0.3886562878792469], [0.05036481198281669, 0.031305856554853836, 7.0, 7.0, 0.22551203665294167, 0.3048197681931035], [0.03145259049322198, 0.025557893280899014, 7.0, 7.0, 1.1534372980832193, 0.48718128526289334], [0.050663584572292975, 0.099040171791442, 2.5, 2.0, 0.6150880104642251, 0.2774341560509021]]}