{"position": [[-2.5, 0.0, -1.0], [-3.0, 0.0, -1.5], [-3.5, 0.0, -2.0], [-2.0, 0.0, -2.5], [-3.0, 0.0, -3.0], [0.0, -2.0, -3.0]], "number_of_bots": 5, "bot_trajectory": [[0.032667286143908215, 0.08457814446184375, -2.5, -1.0, 0.88808995027592, 0.3290145507490801], [0.03351769737260395, 0.013188020328580774, -3.0, -1.5, 2.316218646630354, 0.3258721283629125], [0.06579669656108728, 0.0014788471007128878, -3.5, -2.0, 1.57408523356475, 0.34078265401343744], [0.024619860405820048, 0.03939731907645352, -2.0, -2.5, 0.09693279593931535, 0.3440397848653016], [0.004304313132327509, 0.0530126163919157, -3.0, -3.0, 0.15784139032177472, 0.49351618445064105]]}