{"position": [[-1.7, 0.0, 0.1], [6.7, 0.0, 0.5], [3.7, 0.0, 0.5], [7.0, 0.0, 2.0], [7.5, 0.0, 1.7], [6.5, 0.0, 2.3]], "number_of_bots": 1, "bot_trajectory": [[0.0376977331065107, 0.07532802004279908, -1.7, 0.1, 1.8777153135818656, 0.39797035571231987]]}