{"position": [[0.0, 0.0, 1.0], [4.3, 0.0, 0.5], [4.3, 0.0, 0.7], [4.3, 0.0, 0.3], [4.3, 0.0, 0.9], [4.3, 0.0, 1.1]], "number_of_bots": 2, "bot_trajectory": [[0.0648410402004897, 0.07780650472116514, 0.0, 1.0, 2.901612472632847, 0.516508448453142], [0.06538728515306416, 0.08916384716835545, 4.3, 0.5, 3.1302174366244384, 0.4743865277439239]]}