{"position": [[2.0, 0.1, 0.0], [1.0, 0.1, 3.0], [-3.0, 0.1, 3.5], [3.5, 3.1, 3.0], [5.5, 3.1, 3.0], [5.5, 0.1, 3.0]], "number_of_bots": 3, "bot_trajectory": [[0.05541784829962186, 0.08025537393294414, 2.0, 0.0, 0.5940769215378319, 0.4136528318799623], [0.08945433307908167, 0.0035435864442496024, 1.0, 3.0, 2.1004114276050636, 0.3428261002000609], [0.04284665684694907, 0.09042931923201607, -3.0, 3.5, 1.4379882213079518, 0.2983658047789123]]}