{"position": [[-3.0, 0.1, -0.0], [-5.5, 0.1, -0.0], [4.0, 0.1, 0.0], [6.0, 0.1, 3.0], [1.0, 0.1, 3.0], [-4.0, 0.1, 3.0]], "number_of_bots": 6, "bot_trajectory": [[0.05164150548456696, 0.04258776630535714, -3.0, -0.0, 1.640911746680319, 0.3199850343610707], [0.0011590817312069012, 0.052726188288978605, -5.5, -0.0, 0.23962830272475127, 0.4082152529181322], [0.08052059794215521, 0.048250877701130734, 4.0, 0.0, 0.7586048411669147, 0.48954429027413415], [0.02890758509907686, 0.03475481575071472, 6.0, 3.0, 1.9760548043378336, 0.46271690097144835], [0.017379506341535532, 0.08912109257832208, 1.0, 3.0, 0.5328235991907063, 0.4676747175820687], [0.03935904039509588, 0.015577133033986001, -4.0, 3.0, 0.4458977590299565, 0.5116343062045188]]}