{"position": [[-1.0, 0.0, -2.0], [-3.0, 0.0, -4.0], [-5.0, 0.0, 1.0], [-7.0, 0.0, 3.0], [-7.0, 0.0, -5.0], [1.0, 0.0, -10.0]], "number_of_bots": 1, "bot_trajectory": [[0.05682527248688159, 0.058124870291812195, -1.0, -2.0, 1.965330673701339, 0.2877526245628659]]}