{"position": [[-1.2, 0.0, -5.0], [-2.0, 0.0, -4.0], [-8.0, 0.0, -5.0], [4.0, 0.0, -3.0], [-3.0, 0.0, -7.0], [4.5, 0.0, 1.0]], "number_of_bots": 4, "bot_trajectory": [[0.08637567881149502, 0.059513543374403365, -1.2, -5.0, 1.0894752623030457, 0.40598435076653816], [0.09056388718629782, 0.061300992729919734, -2.0, -4.0, 0.5177717273639417, 0.36700622666863947], [0.05187872929903061, 0.008663534801491634, -8.0, -5.0, 1.9820347483907648, 0.453096944427412], [0.09341069122461453, 0.09674271182388225, 4.0, -3.0, 2.2051544012373268, 0.5034344984216997]]}