{"position": [[4.0, 0.0, 2.0], [2.0, 0.0, 4.0], [5.0, 0.0, 1.0], [5.0, 0.0, 3.0], [7.0, 0.0, 5.0], [1.0, 0.0, 10.0]], "number_of_bots": 5, "bot_trajectory": [[0.06356688135967484, 0.0638652815194983, 4.0, 2.0, 1.7563054859053984, 0.43427853069392597], [0.06770957058319038, 0.03308288869136546, 2.0, 4.0, 0.2890080394491669, 0.4465642651890087], [0.08338599348844229, 0.09162226426763179, 5.0, 1.0, 1.2549393200359726, 0.4381434350810729], [0.024927088455741098, 0.06581152474237698, 5.0, 3.0, 3.12368199060758, 0.47567428760275837], [0.010232715019364468, 0.08771375506462405, 7.0, 5.0, 2.022895214246872, 0.2859647863838674]]}