{"position": [[-7.0, 0.0, -1.1], [-8.0, 0.0, -1.1], [-9.0, 0.0, -1.1], [-10.0, 0.0, -1.1], [-11.0, 0.0, -1.1], [-12.0, 0.0, -1.1]], "number_of_bots": 3, "bot_trajectory": [[0.05324396883218221, 0.012025588909751861, -7.0, -1.1, 3.038526412968642, 0.26486459315590016], [0.04126156848181395, 0.07671159965751859, -8.0, -1.1, 0.5664992023612712, 0.3004048622672972], [0.08317788344013669, 0.09602409941070798, -9.0, -1.1, 1.1133761347169964, 0.3116577409927749]]}