{"position": [[0.0, 0.0, -3.0], [-1.4, 0.0, 2.0], [1.0, 0.0, 2.5], [-1.0, 0.0, 2.8], [-4.4, 0.0, 3.2], [1.0, 3.5, 3.0]], "number_of_bots": 5, "bot_trajectory": [[0.03716409467512556, 0.08370661122251008, 0.0, -3.0, 2.390312285851655, 0.33982913007811694], [0.08792720112080721, 0.023505430127235615, -1.4, 2.0, 0.8848697315460339, 0.5142384902432274], [0.09620053006309183, 0.00011370481914010355, 1.0, 2.5, 1.6346428286679346, 0.5181989429020784], [0.033330076945120045, 0.03581244723581482, -1.0, 2.8, 1.0185743871937292, 0.3276359416616497], [0.008521951473096211, 0.04676314382314202, -4.4, 3.2, 0.6052613386974445, 0.45347310034810806]]}