{"position": [[-1.0, 0.0, -2.0], [-3.0, 0.0, -4.0], [-5.0, 0.0, 1.0], [-7.0, 0.0, 3.0], [-7.0, 0.0, -5.0], [1.0, 0.0, -10.0]], "number_of_bots": 2, "bot_trajectory": [[0.025902192262621547, 0.09923537764416485, -1.0, -2.0, 1.8970850555078782, 0.38346871837867147], [0.0980655602413689, 0.006485078146144063, -3.0, -4.0, 2.954342149872004, 0.516149304608325]]}