{"position": [[-10.0, 0.0, -5.0], [-3.0, 0.0, -6.0], [-2.0, 0.0, -6.0], [5.0, 0.0, -6.0], [3.0, 0.0, -6.0], [1.0, 0.0, -6.0]], "number_of_bots": 1, "bot_trajectory": [[0.04738816497865631, 0.0682731911958192, -10.0, -5.0, 0.17572091270523887, 0.4400938778486788]]}