{"position": [[-1.0, 0.0, -2.0], [-3.0, 0.0, -4.0], [-5.0, 0.0, 1.0], [-7.0, 0.0, 3.0], [-7.0, 0.0, -5.0], [1.0, 0.0, -10.0]], "number_of_bots": 5, "bot_trajectory": [[0.007054831544523976, 0.09669627834149212, -1.0, -2.0, 2.0558185829284077, 0.3704107049498141], [0.03344924520759183, 0.0736337163726401, -3.0, -4.0, 1.7115284499559467, 0.26854890062575487], [0.04594643989011826, 0.05869506918179457, -5.0, 1.0, 1.2747399141276587, 0.28893962188040767], [0.012165921604426344, 0.055770681741755125, -7.0, 3.0, 1.0181327134618425, 0.35909870552759326], [0.04439217821012592, 0.060863399388187946, -7.0, -5.0, 1.2931224769231873, 0.5050308397132113]]}