{"position": [[4.0, 0.5, 2.0], [4.0, 0.5, 4.0], [4.0, 0.5, -1.0], [7.0, 0.5, 3.0], [7.0, 0.5, 5.0], [2.0, 0.5, 3.0]], "number_of_bots": 5, "bot_trajectory": [[0.09964206427497563, 0.04298238393533438, 4.0, 2.0, 2.317133217305929, 0.5098468358201663], [0.09232062433159069, 0.09815893766322263, 4.0, 4.0, 2.409256345243063, 0.4101162177676134], [0.037240276098929694, 0.014198396043463579, 4.0, -1.0, 0.8013436868901855, 0.5087924568793678], [0.05229999167375519, 0.06817344111491949, 7.0, 3.0, 2.486127836370127, 0.2743587860618995], [0.051563396337920994, 0.002807513646836568, 7.0, 5.0, 0.1738582236855428, 0.28197750227350227]]}