{"position": [[-1.0, 0.0, -2.0], [-3.0, 0.0, -4.0], [-5.0, 0.0, 1.0], [-7.0, 0.0, 3.0], [-7.0, 0.0, -5.0], [1.0, 0.0, -10.0]], "number_of_bots": 4, "bot_trajectory": [[0.04539707865903066, 0.01696449151404461, -1.0, -2.0, 1.6537566132629773, 0.49234596670838415], [0.06709698698906777, 0.011693983793373598, -3.0, -4.0, 1.7985520347427353, 0.3527180966339231], [0.04436521827113343, 0.09772978203958602, -5.0, 1.0, 0.4902634633190566, 0.3064925064683889], [0.02831185135467309, 0.027426440461323653, -7.0, 3.0, 0.44460237788553003, 0.262947685549819]]}