{"position": [[-5.5, 0.1, -9.2], [3.0, 0.1, -11.0], [-5.5, 0.1, -11.0], [-3.0, 0.1, -10.0], [-7.0, 0.1, -5.0], [1.0, 0.1, -10.0]], "number_of_bots": 2, "bot_trajectory": [[0.05694067985331057, 0.05241620790054611, -5.5, -9.2, 0.4207609730805369, 0.40406727146587684], [0.016224428236813814, 0.0009365519702101754, 3.0, -11.0, 0.32671058061208647, 0.33970535154886317]]}