{"position": [[3.0, 0.1, -2.0], [8.0, 0.1, -2.0], [8.0, 0.1, 1.0], [5.5, 0.1, 2.0], [-2.0, 0.1, 1.5], [1.0, 0.1, 1.5]], "number_of_bots": 2, "bot_trajectory": [[0.004257725893160836, 0.05361288052861298, 3.0, -2.0, 0.19901231636507455, 0.4413471425170794], [0.08039837338672427, 0.07867386874223467, 8.0, -2.0, 2.4649740769028243, 0.3583441441183164]]}