{"position": [[3.0, 0.1, 1.0], [-3.5, 0.1, -4.0], [2.0, 0.1, 5.0], [-3.0, 3.1, 5.0], [-5.0, 3.1, -4.0], [1.0, 3.1, 5.0]], "number_of_bots": 3, "bot_trajectory": [[0.014013623551638033, 0.08027690877611657, 3.0, 1.0, 1.1493555333167504, 0.3974351143090025], [0.009258415313800627, 0.07427949749168372, -3.5, -4.0, 0.9374573612019654, 0.41796828342438136], [0.06186278672114477, 0.08365102772709399, 2.0, 5.0, 2.0059699353120237, 0.2643740511313685]]}