{"position": [[-1.0, 0.0, -2.0], [-3.0, 0.0, -4.0], [-5.0, 0.0, 1.0], [-7.0, 0.0, 3.0], [-7.0, 0.0, -5.0], [1.0, 0.0, -10.0], [-0.5, 0.0, -2.5], [-2.5, 0.0, -4.5], [-4.5, 0.0, 0.5], [-6.5, 0.0, 2.5], [-6.5, 0.0, -5.5], [1.5, 0.0, -10.5]], "number_of_bots": 2, "bot_trajectory": [[0.0012464115005180964, 0.043218626439182506, -1.0, -2.0, 2.7859530481461188, 0.29155405807553125], [0.03838271933644941, 0.06449093893014148, -3.0, -4.0, 2.6131337460439834, 0.32333632514109206]]}