{"position": [[2.4256842136383057, -2.819571018218994, -3.41949725151062], [2.22568416595459, -2.819571018218994, -3.2194972038269043], [2.6256842613220215, -2.819571018218994, -3.619497299194336], [2.025684356689453, -2.819571018218994, -3.0194973945617676], [1.8256843090057373, -2.819571018218994, -2.8194973468780518], [1.6256842613220215, -2.819571018218994, 1.380502700805664], [2.9256842136383057, -2.819571018218994, -3.91949725151062], [2.72568416595459, -2.819571018218994, -3.7194972038269043], [3.1256842613220215, -2.819571018218994, -4.119497299194336], [2.525684356689453, -2.819571018218994, -3.5194973945617676], [2.3256843090057373, -2.819571018218994, -3.3194973468780518], [2.1256842613220215, -2.819571018218994, 0.8805027008056641]], "number_of_bots": 10, "bot_trajectory": [[0.0029505481684909407, 0.08054142644394521, 2.4256842136383057, -3.41949725151062, 3.0430817286636334, 0.3398238714748203], [0.02557311115447669, 0.033446247414517884, 2.22568416595459, -3.2194972038269043, 1.0335210081685218, 0.508857172113045], [0.08650897072351968, 0.08069037843860383, 2.6256842613220215, -3.619497299194336, 1.6602058576689016, 0.4229708961849111], [0.0725725681737133, 0.06303297477808546, 2.025684356689453, -3.0194973945617676, 1.76407106667834, 0.3244396043063527], [0.012483737026796693, 0.041518828195333604, 1.8256843090057373, -2.8194973468780518, 1.7139775168906954, 0.42865581478418585], [0.06827786830604558, 0.06201260599405215, 1.6256842613220215, 1.380502700805664, 1.8032504295655372, 0.3389863933158143], [0.045330719361380736, 0.03746341457827072, 2.9256842136383057, -3.91949725151062, 1.3000030377836793, 0.4960513490898915], [0.059689039651295836, 0.07977499624372036, 2.72568416595459, -3.7194972038269043, 1.1111042874944175, 0.30010333434977454], [0.060764942692661916, 0.08526318612567194, 3.1256842613220215, -4.119497299194336, 0.9239110436714393, 0.29168841972578347], [0.02125976250924274, 0.014674086473905602, 2.525684356689453, -3.5194973945617676, 1.28103650012767, 0.3411851350843368]]}