{"position": [[-1.0, 0.0, -2.0], [-3.0, 0.0, -4.0], [-5.0, 0.0, 1.0], [-7.0, 0.0, 3.0], [-7.0, 0.0, -5.0], [1.0, 0.0, -10.0], [-0.5, 0.0, -2.5], [-2.5, 0.0, -4.5], [-4.5, 0.0, 0.5], [-6.5, 0.0, 2.5], [-6.5, 0.0, -5.5], [1.5, 0.0, -10.5]], "number_of_bots": 2, "bot_trajectory": [[0.009191680224327148, 0.023066664812495218, -1.0, -2.0, 0.33571203068946903, 0.3230326734361118], [0.08088826586285072, 0.05551126044078606, -3.0, -4.0, 1.8579958462566553, 0.4254624267600127]]}