{"position": [[-1.0, 0.0, -2.0], [-3.0, 0.0, -4.0], [-5.0, 0.0, 1.0], [-7.0, 0.0, 3.0], [-7.0, 0.0, -5.0], [1.0, 0.0, -10.0], [-0.5, 0.0, -2.5], [-2.5, 0.0, -4.5], [-4.5, 0.0, 0.5], [-6.5, 0.0, 2.5], [-6.5, 0.0, -5.5], [1.5, 0.0, -10.5]], "number_of_bots": 10, "bot_trajectory": [[0.08267753953628139, 0.08108820020434997, -1.0, -2.0, 2.6423298135105733, 0.2743681284362338], [0.015105080768554413, 0.028112975101947955, -3.0, -4.0, 2.9279884165242347, 0.4726643783153315], [0.04075666799383765, 0.07584522331841577, -5.0, 1.0, 0.9387178021152904, 0.3133754148289928], [0.08447308356893743, 0.09706381103578995, -7.0, 3.0, 1.597551216159705, 0.4174846531005172], [0.004934915923763827, 0.02670456160337965, -7.0, -5.0, 0.4290872323239868, 0.334272925480318], [0.08765124803299172, 0.0201987545395216, 1.0, -10.0, 2.6836839151604424, 0.4977704212465032], [0.06910639708084845, 0.08951268951651967, -0.5, -2.5, 0.2971584282755921, 0.5232286767239667], [0.038323531858325655, 0.005911360923340969, -2.5, -4.5, 2.174688123063097, 0.32863754989807265], [0.018837856628971215, 0.08899113890262118, -4.5, 0.5, 2.4606296653481996, 0.3716798267224259], [0.061039272267921364, 0.02769648349646713, -6.5, 2.5, 2.6198846504283617, 0.3007100973231325]]}