{"position": [[-3.331758499145508, 0.06442290544509888, -6.474174976348877], [-4.7317585945129395, 0.06442290544509888, -1.474174976348877], [-2.331758499145508, 0.06442290544509888, -0.974174976348877], [-4.331758499145508, 0.06442290544509888, -0.674174964427948], [-7.7317585945129395, 0.06442290544509888, -0.2741749882698059], [-2.331758499145508, 3.564422845840454, -0.47417497634887695], [-2.831758499145508, 0.06442290544509888, -6.974174976348877], [-4.2317585945129395, 0.06442290544509888, -1.974174976348877], [-1.8317584991455078, 0.06442290544509888, -1.474174976348877], [-3.831758499145508, 0.06442290544509888, -1.174174964427948], [-7.2317585945129395, 0.06442290544509888, -0.7741749882698059], [-1.8317584991455078, 3.564422845840454, -0.974174976348877]], "number_of_bots": 10, "bot_trajectory": [[0.02790837962933438, 0.09372530244551136, -3.331758499145508, -6.474174976348877, 1.036741347855255, 0.5005398344423491], [0.02468739792747291, 0.04071433621626781, -4.7317585945129395, -1.474174976348877, 1.1670929418747913, 0.35538476356249776], [0.07181317990912481, 0.04735805849119631, -2.331758499145508, -0.974174976348877, 2.9515715026606473, 0.4692548199659261], [0.0896010256746416, 0.08318408738819141, -4.331758499145508, -0.674174964427948, 0.2676601593397536, 0.26534160794768213], [0.07502638764989558, 0.05495816863000922, -7.7317585945129395, -0.2741749882698059, 3.1277694717153763, 0.3567408149059413], [0.04490961152991686, 0.06265604273486233, -2.331758499145508, -0.47417497634887695, 0.5952494111166956, 0.3910059927744425], [0.04862252963796384, 0.08758596063031102, -2.831758499145508, -6.974174976348877, 1.1544804899609433, 0.4051772901935762], [0.027567861015532935, 0.059388859519487844, -4.2317585945129395, -1.974174976348877, 0.6721645184838613, 0.35402207616499887], [0.07618584876911581, 0.07671407217484141, -1.8317584991455078, -1.474174976348877, 2.139921416480496, 0.27563682395850947], [0.029263389365172688, 0.07586571366086117, -3.831758499145508, -1.174174964427948, 2.894825768921378, 0.38148086184817087]]}