{"position": [[-2.2514634132385254, 0.7254186868667603, -0.7399044036865234], [-2.2514634132385254, 0.7254186868667603, 1.2600955963134766], [-2.2514634132385254, 0.7254186868667603, -3.7399044036865234], [0.7485365867614746, 0.7254186868667603, 0.26009559631347656], [0.7485365867614746, 0.7254186868667603, 2.2600955963134766], [-4.251463413238525, 0.7254186868667603, 0.26009559631347656], [-1.7514634132385254, 0.7254186868667603, -1.2399044036865234], [-1.7514634132385254, 0.7254186868667603, 0.7600955963134766], [-1.7514634132385254, 0.7254186868667603, -4.239904403686523], [1.2485365867614746, 0.7254186868667603, -0.23990440368652344], [1.2485365867614746, 0.7254186868667603, 1.7600955963134766], [-3.7514634132385254, 0.7254186868667603, -0.23990440368652344]], "number_of_bots": 10, "bot_trajectory": [[0.04630304639526064, 0.037132329005839314, -2.2514634132385254, -0.7399044036865234, 0.5607890429960701, 0.39586041000161154], [0.003913978328592538, 0.09740962965064509, -2.2514634132385254, 1.2600955963134766, 0.03598965187656415, 0.463415326657496], [0.04288132127024893, 0.016333293353726665, -2.2514634132385254, -3.7399044036865234, 2.394440171786598, 0.4548430148625323], [0.08110951702136238, 0.010126514329273395, 0.7485365867614746, 0.26009559631347656, 2.1600640080716818, 0.49058634600129547], [0.011505513257091426, 0.0605925940512424, 0.7485365867614746, 2.2600955963134766, 0.6153824315790023, 0.3226040591340789], [0.09705675095007239, 0.03169492558805596, -4.251463413238525, 0.26009559631347656, 3.0131682037716008, 0.3115210581674147], [0.09182306590980382, 0.06597165345964834, -1.7514634132385254, -1.2399044036865234, 0.7622607253094482, 0.38779042336853986], [0.09597311975676916, 0.07963446216131434, -1.7514634132385254, 0.7600955963134766, 0.09494854006981454, 0.4458618421273397], [0.002982806405403271, 0.02563092473514078, -1.7514634132385254, -4.239904403686523, 1.7600504965472281, 0.3182228225760545], [0.09683861094520851, 0.017193930594501517, 1.2485365867614746, -0.23990440368652344, 0.7181072332654727, 0.29264741895014634]]}