{"position": [[10.78577995300293, 0.13135738670825958, -3.3164830207824707], [1.7857799530029297, 0.13135738670825958, -3.3164830207824707], [6.78577995300293, 0.13135738670825958, -3.3164830207824707], [16.78577995300293, 0.13135738670825958, -3.3164830207824707], [18.78577995300293, 0.13135738670825958, -3.3164830207824707], [21.78577995300293, 0.13135738670825958, -3.3164830207824707], [11.28577995300293, 0.13135738670825958, -3.8164830207824707], [2.2857799530029297, 0.13135738670825958, -3.8164830207824707], [7.28577995300293, 0.13135738670825958, -3.8164830207824707], [17.28577995300293, 0.13135738670825958, -3.8164830207824707], [19.28577995300293, 0.13135738670825958, -3.8164830207824707], [22.28577995300293, 0.13135738670825958, -3.8164830207824707]], "number_of_bots": 4, "bot_trajectory": [[0.06071193007254041, 0.045859379686694304, 10.78577995300293, -3.3164830207824707, 0.741253886215346, 0.2633390561475694], [0.014578498310158627, 0.045080165362612036, 1.7857799530029297, -3.3164830207824707, 2.6555431712686324, 0.36624098335136723], [0.010932570534717644, 0.08274634372248436, 6.78577995300293, -3.3164830207824707, 2.778925061045084, 0.42543494428497564], [0.029612762859331933, 0.07254136567086943, 16.78577995300293, -3.3164830207824707, 1.8248675121437212, 0.34276567573638445]]}