{"position": [[3.0, 0.1, 1.0], [-3.5, 0.1, -4.0], [2.0, 0.1, 5.0], [-3.0, 3.1, 5.0], [-5.0, 3.1, -4.0], [1.0, 3.1, 5.0], [3.5, 0.1, 0.5], [-3.0, 0.1, -4.5], [2.5, 0.1, 4.5], [-2.5, 3.1, 4.5], [-4.5, 3.1, -4.5], [1.5, 3.1, 4.5]], "number_of_bots": 8, "bot_trajectory": [[0.0005210991802777398, 0.015757222921035475, 3.0, 1.0, 0.8973174289470075, 0.39448277373699275], [0.07337111889651977, 0.04916433501953986, -3.5, -4.0, 2.8831214552957456, 0.28197745941740937], [0.029167781103119718, 0.06218020888936797, 2.0, 5.0, 2.170822020118164, 0.3798991429487111], [0.04851682157246177, 0.040129889330465976, -3.0, 5.0, 1.2974153713742684, 0.4145143047852744], [0.0005616208554052093, 0.0794472633080219, -5.0, -4.0, 3.137665394546346, 0.4642692507995752], [0.08390352427090021, 0.024364611185776076, 1.0, 5.0, 1.2253272486078581, 0.4141505667487653], [0.031803757937413135, 0.03596729724197138, 3.5, 0.5, 2.496075307000948, 0.4364250580021484], [0.05918774670827631, 0.03788443819976278, -3.0, -4.5, 0.06610900395700517, 0.32867876959931075]]}