{"position": [[2.851053237915039, 0.08375778794288635, 7.489794731140137], [2.851053237915039, 0.08375778794288635, 1.0897947549819946], [0.8510532379150391, 0.08375778794288635, 4.489794731140137], [-4.648946762084961, 0.08375778794288635, 6.989794731140137], [9.851053237915039, 0.08375778794288635, 6.489794731140137], [7.851053237915039, 0.08375778794288635, 6.489794731140137], [3.351053237915039, 0.08375778794288635, 6.989794731140137], [3.351053237915039, 0.08375778794288635, 0.5897947549819946], [1.351053237915039, 0.08375778794288635, 3.9897947311401367], [-4.148946762084961, 0.08375778794288635, 6.489794731140137], [10.351053237915039, 0.08375778794288635, 5.989794731140137], [8.351053237915039, 0.08375778794288635, 5.989794731140137]], "number_of_bots": 10, "bot_trajectory": [[0.01330821847095921, 0.04470424284323159, 2.851053237915039, 7.489794731140137, 1.899103402329229, 0.4418465109102607], [0.051122129872833724, 0.03620816965145177, 2.851053237915039, 1.0897947549819946, 0.5486380010750533, 0.3791269693627], [0.002571628939740722, 0.03051860799267918, 0.8510532379150391, 4.489794731140137, 1.222646927176415, 0.48574294437630317], [0.009864626253932595, 0.040290203534309385, -4.648946762084961, 6.989794731140137, 2.5983384614556533, 0.41707901318017515], [0.06335794786202759, 0.029116899484449243, 9.851053237915039, 6.489794731140137, 0.7989401300181315, 0.37037685624577005], [0.023334094623448653, 0.07034735071477582, 7.851053237915039, 6.489794731140137, 1.4054709384491104, 0.35593966800530136], [0.09112104939949012, 0.031935775351429184, 3.351053237915039, 6.989794731140137, 1.6708337547684675, 0.2827135283867507], [0.035201432969100624, 0.09515757968294833, 3.351053237915039, 0.5897947549819946, 0.2502313736097446, 0.36146242692367375], [0.014937458424194593, 0.05437615763627612, 1.351053237915039, 3.9897947311401367, 2.1588320437910062, 0.38190240695351485], [0.021846252315439352, 0.02327539262644245, -4.148946762084961, 6.489794731140137, 0.09853595662393855, 0.27925611359266317]]}