{"position": [[-1.0, 0.0, -2.0], [-3.0, 0.0, -4.0], [-5.0, 0.0, 1.0], [-7.0, 0.0, 3.0], [-7.0, 0.0, -5.0], [1.0, 0.0, -10.0], [-0.5, 0.0, -2.5], [-2.5, 0.0, -4.5], [-4.5, 0.0, 0.5], [-6.5, 0.0, 2.5], [-6.5, 0.0, -5.5], [1.5, 0.0, -10.5]], "number_of_bots": 10, "bot_trajectory": [[0.002955429330968673, 0.06295586319250622, -1.0, -2.0, 1.0821001029513406, 0.46083236478436895], [0.05856518633525559, 0.03088331906914533, -3.0, -4.0, 1.4593956116950997, 0.3904707270812448], [0.0889155927938917, 0.02165110262498321, -5.0, 1.0, 2.2046530041677666, 0.3784346595847837], [0.03559028628601159, 0.06522938726375345, -7.0, 3.0, 1.4732749856371228, 0.4047079294594038], [0.03676702141241819, 0.07679842642139326, -7.0, -5.0, 1.6059650766350986, 0.41147228787309276], [0.06816241234104183, 0.05472104817650765, 1.0, -10.0, 0.1861175519345138, 0.47226304964130095], [0.07525072667418739, 0.08140147816100902, -0.5, -2.5, 2.727555780709638, 0.26408995483986253], [0.09581695329042116, 0.07443687440141201, -2.5, -4.5, 1.6028751996949417, 0.5115907952681904], [0.08756881461277272, 0.006782709943562626, -4.5, 0.5, 0.23990638880236406, 0.5188493149946949], [0.03433630745203845, 0.01853646857522513, -6.5, 2.5, 1.5039910800726626, 0.2865805347835729]]}