{"position": [[9.360457420349121, 0.11806288361549377, -1.518024206161499], [10.860457420349121, 0.11806288361549377, -3.018024206161499], [15.110457420349121, 0.11806288361549377, -3.518024206161499], [15.110457420349121, 0.11806288361549377, -0.518024206161499], [15.110457420349121, 0.11806288361549377, 3.481975793838501], [5.860457420349121, 0.11806288361549377, 3.481975793838501], [9.860457420349121, 0.11806288361549377, -2.018024206161499], [11.360457420349121, 0.11806288361549377, -3.518024206161499], [15.610457420349121, 0.11806288361549377, -4.018024206161499], [15.610457420349121, 0.11806288361549377, -1.018024206161499], [15.610457420349121, 0.11806288361549377, 2.981975793838501], [6.360457420349121, 0.11806288361549377, 2.981975793838501]], "number_of_bots": 10, "bot_trajectory": [[0.04531984767581657, 0.01804805915139516, 9.360457420349121, -1.518024206161499, 0.6920710261932677, 0.454776755551216], [0.016882352551030367, 0.08052859810138917, 10.860457420349121, -3.018024206161499, 3.021965626012976, 0.32963224408272007], [0.08005795364894805, 0.06618873550356964, 15.110457420349121, -3.518024206161499, 2.108957283839657, 0.4055789255852068], [0.017626404666640495, 0.006705907914794751, 15.110457420349121, -0.518024206161499, 2.4808535024916907, 0.4216141774727846], [0.010580539386019027, 0.09381309836183246, 15.110457420349121, 3.481975793838501, 0.5844000846682621, 0.39762421568025547], [0.007574507546435116, 0.05282005624234436, 5.860457420349121, 3.481975793838501, 0.5684120795021484, 0.5048633339821749], [0.02488123277652815, 0.018275979399111554, 9.860457420349121, -2.018024206161499, 1.0415530124811898, 0.4641405963931895], [0.0030654255126807196, 0.029739084801812653, 11.360457420349121, -3.518024206161499, 0.6922107640415902, 0.3927788226656687], [0.07766315015960777, 0.040773662337599235, 15.610457420349121, -4.018024206161499, 0.3195796366414388, 0.34110454043310273], [0.08811907160631773, 0.01937125382163447, 15.610457420349121, -1.018024206161499, 1.843803976679134, 0.3436855085888803]]}