{"position": [[-1.0, 0.0, -2.0], [-3.0, 0.0, -4.0], [-5.0, 0.0, 1.0], [-7.0, 0.0, 3.0], [-7.0, 0.0, -5.0], [1.0, 0.0, -10.0], [-0.5, 0.0, -2.5], [-2.5, 0.0, -4.5], [-4.5, 0.0, 0.5], [-6.5, 0.0, 2.5], [-6.5, 0.0, -5.5], [1.5, 0.0, -10.5]], "number_of_bots": 6, "bot_trajectory": [[0.04586524303744434, 0.0571779997311158, -1.0, -2.0, 3.030042032928198, 0.35874044146485873], [0.09316636596123926, 0.09156200622691392, -3.0, -4.0, 1.5230646658100129, 0.4252713248883734], [1.9767236521794906e-05, 0.0029155810017237327, -5.0, 1.0, 2.3404188307722076, 0.46908621757355384], [0.004582659725896998, 0.028292147943103772, -7.0, 3.0, 0.9070897204621652, 0.39828740900635423], [0.04088106096847625, 0.06140015959664954, -7.0, -5.0, 1.441689165981327, 0.4108467805050424], [0.015135277552718884, 0.09086400546832094, 1.0, -10.0, 0.22864038231048728, 0.4227646431109343]]}