{"position": [[-6.655947208404541, -3.0351719856262207, 3.1300930976867676], [-8.655946731567383, -3.0351719856262207, -2.8699069023132324], [-13.155946731567383, 0.4648280143737793, 3.6300930976867676], [-13.155946731567383, -3.0351719856262207, -5.619906902313232], [-12.655946731567383, -3.0351719856262207, -2.8699069023132324], [-11.655946731567383, 0.4648280143737793, -3.3699069023132324], [-6.155947208404541, -3.0351719856262207, 2.6300930976867676], [-8.155946731567383, -3.0351719856262207, -3.3699069023132324], [-12.655946731567383, 0.4648280143737793, 3.1300930976867676], [-12.655946731567383, -3.0351719856262207, -6.119906902313232], [-12.155946731567383, -3.0351719856262207, -3.3699069023132324], [-11.155946731567383, 0.4648280143737793, -3.8699069023132324]], "number_of_bots": 4, "bot_trajectory": [[0.04178377860965908, 0.01274262484630645, -6.655947208404541, 3.1300930976867676, 2.776244634326039, 0.39243234862404996], [0.07911641616705747, 0.0542074572887575, -8.655946731567383, -2.8699069023132324, 2.657030599946442, 0.3908244096985476], [0.0023451796353539, 0.034112720245876624, -13.155946731567383, 3.6300930976867676, 0.010831411193589461, 0.5163762044740978], [0.025230195351620056, 0.03715251162286698, -13.155946731567383, -5.619906902313232, 2.740424703523789, 0.3096945100636318]]}