{"position": [[0.2157144546508789, 3.2263665199279785, 1.2111461162567139], [6.215714454650879, 1.2263665199279785, 2.461146116256714], [6.215714454650879, -2.7736334800720215, 3.211146116256714], [4.215714454650879, -2.7736334800720215, 3.211146116256714], [0.2157144546508789, 1.2263665199279785, 3.211146116256714], [2.715714454650879, -2.7736334800720215, 3.211146116256714], [0.7157144546508789, 3.2263665199279785, 0.7111461162567139], [6.715714454650879, 1.2263665199279785, 1.9611461162567139], [6.715714454650879, -2.7736334800720215, 2.711146116256714], [4.715714454650879, -2.7736334800720215, 2.711146116256714], [0.7157144546508789, 1.2263665199279785, 2.711146116256714], [3.215714454650879, -2.7736334800720215, 2.711146116256714]], "number_of_bots": 4, "bot_trajectory": [[0.05696362489003402, 0.06381304163607047, 0.2157144546508789, 1.2111461162567139, 0.372184130643142, 0.4174529601271964], [0.06289632883634827, 0.05559400706424372, 6.215714454650879, 2.461146116256714, 0.11922941878135708, 0.2631125688378526], [0.028125772544167926, 0.04383431117048815, 6.215714454650879, 3.211146116256714, 1.415873692598473, 0.5039718381134253], [0.040633445232157436, 0.0871238406675591, 4.215714454650879, 3.211146116256714, 1.4179504914557706, 0.28716683547396116]]}