{"position": [[-1.0, 0.0, -2.0], [-3.0, 0.0, -4.0], [-5.0, 0.0, 1.0], [-7.0, 0.0, 3.0], [-7.0, 0.0, -5.0], [1.0, 0.0, -10.0], [-0.5, 0.0, -2.5], [-2.5, 0.0, -4.5], [-4.5, 0.0, 0.5], [-6.5, 0.0, 2.5], [-6.5, 0.0, -5.5], [1.5, 0.0, -10.5]], "number_of_bots": 12, "bot_trajectory": [[0.005593277129218932, 0.059405850542344554, -1.0, -2.0, 0.2827372077203221, 0.4711334547305619], [0.09892581661596714, 0.033029080907964505, -3.0, -4.0, 0.007927321961730611, 0.48685033461909966], [0.09464280259232373, 0.08298632436853921, -5.0, 1.0, 1.2368721526296071, 0.4552674643140048], [0.0647877244966169, 0.04804397521213634, -7.0, 3.0, 1.1402223256996586, 0.5147601554873891], [0.038928454048653895, 0.008310065712536573, -7.0, -5.0, 2.742378311231448, 0.3921270890922286], [0.04625364584679009, 0.07228291175897836, 1.0, -10.0, 2.6031334879237913, 0.432624171637101], [0.0710920487457622, 0.02563846763322558, -0.5, -2.5, 1.0466165046649718, 0.29268014614158394], [0.004471257668631401, 0.005976140547103559, -2.5, -4.5, 1.71195520130059, 0.5124620672267293], [0.04916850715455863, 0.033904896904316584, -4.5, 0.5, 2.0627901368985935, 0.35922989375505454], [0.024930509357328823, 0.057053382391978255, -6.5, 2.5, 1.4284864558904746, 0.32401673650116813], [0.05388298805670873, 0.08267952583630508, -6.5, -5.5, 1.0471162009449417, 0.45335893598325594], [0.044983836524677114, 0.04626964325862176, 1.5, -10.5, 0.7912338349497152, 0.2874547825017983]]}