{"position": [[-1.0, 0.0, -2.0], [-3.0, 0.0, -4.0], [-5.0, 0.0, 1.0], [-7.0, 0.0, 3.0], [-7.0, 0.0, -5.0], [1.0, 0.0, -10.0], [-0.5, 0.0, -2.5], [-2.5, 0.0, -4.5], [-4.5, 0.0, 0.5], [-6.5, 0.0, 2.5], [-6.5, 0.0, -5.5], [1.5, 0.0, -10.5]], "number_of_bots": 10, "bot_trajectory": [[0.08918947110993306, 0.08605626439240334, -1.0, -2.0, 2.177504487976774, 0.4591938548479795], [0.03661465980776751, 0.0834013055913798, -3.0, -4.0, 0.1700742887525473, 0.39517190004182995], [0.07154253178569993, 0.09068363881753826, -5.0, 1.0, 1.002129863538489, 0.48760607914869575], [0.05801745521197042, 0.058548322371176076, -7.0, 3.0, 2.3273924980362826, 0.45209099371432143], [0.09806547125994049, 0.09570294173022073, -7.0, -5.0, 1.971751937238707, 0.42929074349345187], [0.0270735960407261, 0.05540132461609217, 1.0, -10.0, 0.6903724129278758, 0.41736206132867804], [0.06401650473792672, 0.007898832924222832, -0.5, -2.5, 2.4736829586667244, 0.5137921938965542], [0.04581158400600697, 0.08835433708396591, -2.5, -4.5, 1.2186900968353418, 0.3645324004612579], [0.09021160770855802, 0.050983666872371845, -4.5, 0.5, 1.7105420429425198, 0.3024140676397619], [0.006700801043327942, 0.09890821914553219, -6.5, 2.5, 1.0457798692852673, 0.44403336306260033]]}