{"position": [[6.039025783538818, 3.57136607170105, -4.16786527633667], [6.039025783538818, 3.57136607170105, -2.16786527633667], [4.039025783538818, 3.57136607170105, -4.16786527633667], [2.5390257835388184, 3.57136607170105, -4.16786527633667], [1.0390257835388184, 3.57136607170105, -4.16786527633667], [0.03902578353881836, 3.57136607170105, -2.16786527633667], [6.539025783538818, 3.57136607170105, -4.66786527633667], [6.539025783538818, 3.57136607170105, -2.66786527633667], [4.539025783538818, 3.57136607170105, -4.66786527633667], [3.0390257835388184, 3.57136607170105, -4.66786527633667], [1.5390257835388184, 3.57136607170105, -4.66786527633667], [0.5390257835388184, 3.57136607170105, -2.66786527633667]], "number_of_bots": 8, "bot_trajectory": [[0.06374835623712506, 0.03284472120874565, 6.039025783538818, -4.16786527633667, 1.085063368631235, 0.3953655450969255], [0.03196658088130318, 0.026878031300596093, 6.039025783538818, -2.16786527633667, 2.570698287305853, 0.3455710032094723], [0.02582164872124404, 0.011406343771512607, 4.039025783538818, -4.16786527633667, 0.84368867691388, 0.32805561209815115], [0.06559605569889745, 0.05075453879155808, 2.5390257835388184, -4.16786527633667, 2.5161192220087454, 0.49673858775554935], [0.006645816836750096, 0.04411206910307207, 1.0390257835388184, -4.16786527633667, 1.857319497425872, 0.5006995343467646], [0.02710852890464176, 0.045759559957627094, 0.03902578353881836, -2.16786527633667, 2.2156046912516403, 0.4152487359734998], [0.010304929092781513, 0.0072452967305053125, 6.539025783538818, -4.66786527633667, 2.569477508468987, 0.4273211243303845], [0.06223840152528838, 0.01686597821081114, 6.539025783538818, -2.66786527633667, 2.6543625088246574, 0.3020551310597074]]}