{"position": [[-2.0941238403320312, 0.05840201675891876, 2.9960813522338867], [-4.094123840332031, 0.05840201675891876, 4.996081352233887], [-1.0941238403320312, 0.05840201675891876, 1.9960813522338867], [-1.0941238403320312, 0.05840201675891876, 3.9960813522338867], [0.9058761596679688, 0.05840201675891876, 5.996081352233887], [-5.094123840332031, 0.05840201675891876, 10.996081352233887], [-1.5941238403320312, 0.05840201675891876, 2.4960813522338867], [-3.5941238403320312, 0.05840201675891876, 4.496081352233887], [-0.5941238403320312, 0.05840201675891876, 1.4960813522338867], [-0.5941238403320312, 0.05840201675891876, 3.4960813522338867], [1.4058761596679688, 0.05840201675891876, 5.496081352233887], [-4.594123840332031, 0.05840201675891876, 10.496081352233887]], "number_of_bots": 10, "bot_trajectory": [[0.03825957372729123, 0.07391463704693016, -2.0941238403320312, 2.9960813522338867, 0.3064990987002717, 0.3670298794216415], [0.08896456519690668, 0.0027603677011978967, -4.094123840332031, 4.996081352233887, 1.9361997863375695, 0.31278392509092967], [0.033212349328362714, 0.05294747448308714, -1.0941238403320312, 1.9960813522338867, 1.9387498231690141, 0.26543980800911343], [0.05791589973149085, 0.09603265390941607, -1.0941238403320312, 3.9960813522338867, 2.08043928602712, 0.36603458524177224], [0.02486950438412987, 0.030572287858455883, 0.9058761596679688, 5.996081352233887, 2.572752530013972, 0.27614966368506116], [0.023992515282725436, 0.06389594157881061, -5.094123840332031, 10.996081352233887, 0.785250460186416, 0.44298631399643806], [0.03146178670924836, 0.09993866360324406, -1.5941238403320312, 2.4960813522338867, 1.6366729771525024, 0.35598138426122017], [0.08571740430586951, 0.06684202423557625, -3.5941238403320312, 4.496081352233887, 1.1430319387603602, 0.3614119960531882], [0.07010800028442365, 0.018638225949966968, -0.5941238403320312, 1.4960813522338867, 1.0564149513554906, 0.2980896273256955], [0.0596436176230223, 0.08605631002773226, -0.5941238403320312, 3.4960813522338867, 0.6926267437859298, 0.48839491979390737]]}