{"position": [[0.0, 0.1, -4.0], [-6.0, 0.1, -4.0], [5.0, 0.1, -6.0], [-7.0, 0.0, -1.0], [-7.0, 3.1, -2.3], [-2.0, 3.1, -2.3], [0.5, 0.1, -4.5], [-5.5, 0.1, -4.5], [5.5, 0.1, -6.5], [-6.5, 0.0, -1.5], [-6.5, 3.1, -2.8], [-1.5, 3.1, -2.8]], "number_of_bots": 8, "bot_trajectory": [[0.006194846853789437, 0.05374917948161532, 0.0, -4.0, 2.2504964612029976, 0.48791369771033155], [0.014269246943344771, 0.07839792569840438, -6.0, -4.0, 1.8883653353699958, 0.40542902555935123], [0.06362969397304138, 0.044110453690719476, 5.0, -6.0, 0.5241008178173366, 0.4911534683782016], [0.07285234064117145, 0.07772909957234199, -7.0, -1.0, 0.9650234218408624, 0.44273859587410663], [0.05445086669625047, 0.047579972114549896, -7.0, -2.3, 1.227956358376809, 0.3414619774880234], [0.04424723290204825, 0.06878706361796089, -2.0, -2.3, 2.158581934887822, 0.4676507821284971], [0.08583745907143732, 0.004879340795591003, 0.5, -4.5, 1.7789292429198766, 0.27802278364545385], [0.07655473829510942, 0.07331913652962557, -5.5, -4.5, 2.578923059948053, 0.2988504782584654]]}