{"position": [[-11.425310134887695, -2.9073851108551025, 2.0876684188842773], [-16.425310134887695, -2.9073851108551025, 1.0876684188842773], [-17.425310134887695, -2.9073851108551025, 8.087668418884277], [-13.425310134887695, 0.19261488318443298, 2.0876684188842773], [-19.025310516357422, -2.9073851108551025, -0.012331580743193626], [-17.425310134887695, 0.19261488318443298, 0.08766841888427734], [-10.925310134887695, -2.9073851108551025, 1.5876684188842773], [-15.925310134887695, -2.9073851108551025, 0.5876684188842773], [-16.925310134887695, -2.9073851108551025, 7.587668418884277], [-12.925310134887695, 0.19261488318443298, 1.5876684188842773], [-18.525310516357422, -2.9073851108551025, -0.5123315807431936], [-16.925310134887695, 0.19261488318443298, -0.41233158111572266]], "number_of_bots": 2, "bot_trajectory": [[0.08015797885550983, 0.09297669544996096, -11.425310134887695, 2.0876684188842773, 2.3892807700561356, 0.33434677359992643], [0.0947274725469084, 0.03897828635484803, -16.425310134887695, 1.0876684188842773, 2.9459256782777405, 0.35127697442150696]]}