{"position": [[1.278674602508545, 0.07263293862342834, 1.013134479522705], [0.2786746025085449, 0.07263293862342834, 1.013134479522705], [-0.7213253974914551, 0.07263293862342834, 1.013134479522705], [3.278674602508545, 0.07263293862342834, 1.013134479522705], [4.278674602508545, 0.07263293862342834, 1.013134479522705], [5.278674602508545, 0.07263293862342834, 1.013134479522705], [1.778674602508545, 0.07263293862342834, 0.5131344795227051], [0.7786746025085449, 0.07263293862342834, 0.5131344795227051], [-0.22132539749145508, 0.07263293862342834, 0.5131344795227051], [3.778674602508545, 0.07263293862342834, 0.5131344795227051], [4.778674602508545, 0.07263293862342834, 0.5131344795227051], [5.778674602508545, 0.07263293862342834, 0.5131344795227051]], "number_of_bots": 12, "bot_trajectory": [[0.012954433003222498, 0.013846286853732126, 1.278674602508545, 1.013134479522705, 1.3037838945650877, 0.4669959760015263], [0.026145413195772228, 0.0839485444763288, 0.2786746025085449, 1.013134479522705, 2.081787112722076, 0.3714437072545418], [0.08261264454867707, 0.04370272442642085, -0.7213253974914551, 1.013134479522705, 0.34966396310386527, 0.3973364918223717], [0.009037158460388828, 0.04609657367819704, 3.278674602508545, 1.013134479522705, 1.7715370786861344, 0.35935895626061287], [0.08264827508433467, 0.08729737728533661, 4.278674602508545, 1.013134479522705, 2.500080050015953, 0.4830881441113666], [0.08428761002181513, 0.0767176475154123, 5.278674602508545, 1.013134479522705, 2.7207651474094323, 0.485500638558797], [0.0907794942612911, 0.06512908201545448, 1.778674602508545, 0.5131344795227051, 2.1316027616138387, 0.5117869841200618], [0.09331919234379485, 0.047425978704930406, 0.7786746025085449, 0.5131344795227051, 0.49849563321069335, 0.47443577553878874], [0.008396636687482428, 0.04964329277061763, -0.22132539749145508, 0.5131344795227051, 0.6573664997812148, 0.48552074032822456], [0.07263814887592482, 0.04405272809093784, 3.778674602508545, 0.5131344795227051, 0.20234633834285623, 0.518758154857919], [0.038202869733604615, 0.09425271583851573, 4.778674602508545, 0.5131344795227051, 2.873416020935643, 0.2772382999190033], [0.04406525037664305, 0.03163726917216636, 5.778674602508545, 0.5131344795227051, 3.062718536528159, 0.41818478835007944]]}