{"position": [[1.9128583669662476, 0.19266200065612793, -0.6804674863815308], [7.912858486175537, 0.19266200065612793, 2.8195323944091797], [7.912858486175537, 0.19266200065612793, 5.81953239440918], [7.912858486175537, -2.307337999343872, 5.81953239440918], [3.412858486175537, -2.307337999343872, 0.8195325136184692], [2.412858486175537, -2.307337999343872, 1.8195325136184692], [2.4128583669662476, 0.19266200065612793, -1.1804674863815308], [8.412858486175537, 0.19266200065612793, 2.3195323944091797], [8.412858486175537, 0.19266200065612793, 5.31953239440918], [8.412858486175537, -2.307337999343872, 5.31953239440918], [3.912858486175537, -2.307337999343872, 0.31953251361846924], [2.912858486175537, -2.307337999343872, 1.3195325136184692]], "number_of_bots": 12, "bot_trajectory": [[0.0989738599261881, 0.010612136138971506, 1.9128583669662476, -0.6804674863815308, 1.5256095170208466, 0.3200207726999541], [0.037518684513497436, 0.0713158784167805, 7.912858486175537, 2.8195323944091797, 0.8376541028786001, 0.3310176468561042], [0.02952958058164783, 0.031549358079208965, 7.912858486175537, 5.81953239440918, 2.8412911601755737, 0.4182079128259556], [0.09691699501613073, 0.010855217806490004, 7.912858486175537, 5.81953239440918, 1.5498188758802167, 0.3281926514105808], [0.06332037965181286, 0.02567027869180368, 3.412858486175537, 0.8195325136184692, 0.28714134298646077, 0.2881542042647925], [0.08569712512994833, 0.09235955877045789, 2.412858486175537, 1.8195325136184692, 2.6433380244210922, 0.4773442656215837], [0.06166372649858178, 0.08072814330929072, 2.4128583669662476, -1.1804674863815308, 1.2600355336297555, 0.4880257698538866], [0.04442442039677549, 0.05829581339800394, 8.412858486175537, 2.3195323944091797, 0.7629960998107423, 0.4410088858088258], [0.0926762757061765, 0.0488803365485306, 8.412858486175537, 5.31953239440918, 0.5008415446621908, 0.2970750938634811], [0.0028856665393835025, 0.03739954620057414, 8.412858486175537, 5.31953239440918, 0.10094764144272317, 0.3049770467136453], [0.0883749384481145, 0.01965113946122098, 3.912858486175537, 0.31953251361846924, 2.7671989811514095, 0.4229459764267923], [0.06486195325601289, 0.09063770595291556, 2.912858486175537, 1.3195325136184692, 1.8786497038564072, 0.30493764591801253]]}