{"position": [[-1.0, 0.0, -2.0], [-3.0, 0.0, -4.0], [-5.0, 0.0, 1.0], [-7.0, 0.0, 3.0], [-7.0, 0.0, -5.0], [1.0, 0.0, -10.0], [-0.5, 0.0, -2.5], [-2.5, 0.0, -4.5], [-4.5, 0.0, 0.5], [-6.5, 0.0, 2.5], [-6.5, 0.0, -5.5], [1.5, 0.0, -10.5]], "number_of_bots": 4, "bot_trajectory": [[0.05129386483356929, 0.03259389707848633, -1.0, -2.0, 2.8924775846864716, 0.2998837542460333], [0.05966987615292232, 0.029096801076846025, -3.0, -4.0, 0.6306390042028075, 0.31307951875984286], [0.05183017186735448, 0.03745762543208521, -5.0, 1.0, 2.9185739709337737, 0.36637950821974213], [0.0704588611073528, 0.07646012259584195, -7.0, 3.0, 2.8668132246272298, 0.33624880698964627]]}