{"position": [[-1.0, 0.0, -2.0], [-3.0, 0.0, -4.0], [-5.0, 0.0, 1.0], [-7.0, 0.0, 3.0], [-7.0, 0.0, -5.0], [1.0, 0.0, -10.0], [-0.5, 0.0, -2.5], [-2.5, 0.0, -4.5], [-4.5, 0.0, 0.5], [-6.5, 0.0, 2.5], [-6.5, 0.0, -5.5], [1.5, 0.0, -10.5]], "number_of_bots": 4, "bot_trajectory": [[0.0390690182283846, 0.08748096632372898, -1.0, -2.0, 0.6018193529037168, 0.2785376951362673], [0.06467934170762854, 0.0688039591348161, -3.0, -4.0, 0.22097146331451234, 0.26577293486133774], [0.07243792516555445, 0.0488812403552847, -5.0, 1.0, 1.9621472615565134, 0.45446957812430044], [0.06370993927741482, 0.09262696608767862, -7.0, 3.0, 2.2548599124777677, 0.4799733379447991]]}