{"position": [[0.15660947561264038, 0.10241394490003586, 2.3845760822296143], [-1.8433904647827148, 0.10241394490003586, 3.3845760822296143], [-5.843390464782715, 0.10241394490003586, 1.3845760822296143], [-7.843390464782715, 0.10241394490003586, 3.3845760822296143], [-6.843390464782715, 0.10241394490003586, 5.884575843811035], [-6.093390464782715, 0.10241394490003586, 7.134575843811035], [0.6566094756126404, 0.10241394490003586, 1.8845760822296143], [-1.3433904647827148, 0.10241394490003586, 2.8845760822296143], [-5.343390464782715, 0.10241394490003586, 0.8845760822296143], [-7.343390464782715, 0.10241394490003586, 2.8845760822296143], [-6.343390464782715, 0.10241394490003586, 5.384575843811035], [-5.593390464782715, 0.10241394490003586, 6.634575843811035]], "number_of_bots": 10, "bot_trajectory": [[0.027187476719261507, 0.00045426520547068303, 0.15660947561264038, 2.3845760822296143, 2.133750166816991, 0.485503595093594], [0.05871913234232597, 0.023297201541549562, -1.8433904647827148, 3.3845760822296143, 2.1274367452951846, 0.4165695198700873], [0.061530136506210885, 0.08264403983390159, -5.843390464782715, 1.3845760822296143, 2.0986022778680966, 0.47234419584976417], [0.034993469329102925, 0.020617789433209244, -7.843390464782715, 3.3845760822296143, 2.3830023040134187, 0.5021493941301776], [0.0008021453391083399, 0.0801326813790327, -6.843390464782715, 5.884575843811035, 2.6330090517716025, 0.36549905927875503], [0.05064517423114434, 0.06213561215256459, -6.093390464782715, 7.134575843811035, 1.5443103878557414, 0.3586990698004834], [0.01969550151516424, 0.002620898904873692, 0.6566094756126404, 1.8845760822296143, 1.345644459357002, 0.4387401051862566], [0.06538121507301259, 0.07908917387700229, -1.3433904647827148, 2.8845760822296143, 0.8758582096900184, 0.3745204699278532], [0.01766324949277461, 0.06242853233535951, -5.343390464782715, 0.8845760822296143, 2.7574919546182404, 0.5226140911731529], [0.005755420435205915, 0.035930051926678065, -7.343390464782715, 2.8845760822296143, 0.8633275650539936, 0.2755352723134211]]}