{"position": [[3.565497398376465, -2.4899144172668457, 2.837684154510498], [3.065497398376465, -2.4899144172668457, 0.837684154510498], [1.5654973983764648, -2.4899144172668457, 5.837684154510498], [6.565497398376465, 0.6100856065750122, 4.837684154510498], [7.565497398376465, 0.6100856065750122, 0.837684154510498], [1.5654973983764648, 1.0100855827331543, 3.837684154510498], [4.065497398376465, -2.4899144172668457, 2.337684154510498], [3.565497398376465, -2.4899144172668457, 0.33768415451049805], [2.065497398376465, -2.4899144172668457, 5.337684154510498], [7.065497398376465, 0.6100856065750122, 4.337684154510498], [8.065497398376465, 0.6100856065750122, 0.33768415451049805], [2.065497398376465, 1.0100855827331543, 3.337684154510498]], "number_of_bots": 8, "bot_trajectory": [[0.06956887008524285, 0.01526240406018654, 3.565497398376465, 2.837684154510498, 0.6569981072933622, 0.3527114123647241], [0.09838131103984239, 0.033994623721218864, 3.065497398376465, 0.837684154510498, 2.3423453726870185, 0.5000132651054817], [0.08652177158560563, 0.04205020777981648, 1.5654973983764648, 5.837684154510498, 1.1463971054890696, 0.3899210270353244], [0.04885623653965611, 0.04367263545821968, 6.565497398376465, 4.837684154510498, 2.921192702667328, 0.2701324483804165], [0.06798565544287072, 0.07792232460265563, 7.565497398376465, 0.837684154510498, 0.8733007928452915, 0.4672520925650112], [0.017659806047407255, 0.02600275539244219, 1.5654973983764648, 3.837684154510498, 1.0482756543099743, 0.4660847187049242], [0.045468331462297076, 0.007094973961562856, 4.065497398376465, 2.337684154510498, 0.011237436390088144, 0.4559572006707487], [0.0519191626876227, 0.025897317154035794, 3.565497398376465, 0.33768415451049805, 0.6805603970063118, 0.3460842173397532]]}