{"position": [[1.2, 0.1, -7.2], [3.0, 0.1, -5.0], [10.0, 1.0, -10.0], [10.5, 0.7, -14.0], [19.0, 2.0, 1.0], [21.5, 2.0, 2.0], [1.7, 0.1, -7.7], [3.5, 0.1, -5.5], [10.5, 1.0, -10.5], [11.0, 0.7, -14.5], [19.5, 2.0, 0.5], [22.0, 2.0, 1.5]], "number_of_bots": 8, "bot_trajectory": [[0.006228844075745121, 0.05166021851522111, 1.2, -7.2, 2.883199544005712, 0.4211805193238807], [0.08375832780182138, 0.0535893560403081, 3.0, -5.0, 1.4844582461532783, 0.3758354379689926], [0.056625631098007, 0.012354467433976312, 10.0, -10.0, 0.5375168171714351, 0.4980540856942522], [0.0026231350657150545, 0.05603135698590435, 10.5, -14.0, 2.1019084524688263, 0.4030441186478497], [0.09310816610391606, 0.008260663835170833, 19.0, 1.0, 3.0707429170981615, 0.45431080462478024], [0.0720437404755813, 0.02039477427018498, 21.5, 2.0, 1.4554605689567794, 0.4413663352986522], [0.00408924313767276, 0.08982139555357342, 1.7, -7.7, 2.2465604645482395, 0.4227812028097845], [0.06653985655081109, 0.0935002958367011, 3.5, -5.5, 2.9922481148666633, 0.518149363857741]]}