{"position": [[-1.0, 0.0, -2.0], [-3.0, 0.0, -4.0], [-5.0, 0.0, 1.0], [-7.0, 0.0, 3.0], [-7.0, 0.0, -5.0], [1.0, 0.0, -10.0], [-0.5, 0.0, -2.5], [-2.5, 0.0, -4.5], [-4.5, 0.0, 0.5], [-6.5, 0.0, 2.5], [-6.5, 0.0, -5.5], [1.5, 0.0, -10.5]], "number_of_bots": 12, "bot_trajectory": [[0.02569179790734013, 0.08743923092426452, -1.0, -2.0, 1.5385008010303398, 0.4669873723065213], [0.047099841382549155, 0.020209625384008202, -3.0, -4.0, 0.5182252835304199, 0.293717247915661], [0.0378608668116272, 0.03437256293979768, -5.0, 1.0, 2.032224419100104, 0.2636479420432817], [0.0014611967071089915, 0.028844356014390747, -7.0, 3.0, 1.516127141094198, 0.5221898368770889], [0.07943706079325925, 0.0360105903457744, -7.0, -5.0, 1.1938624766968855, 0.36833223077391086], [0.00228048876238478, 0.012123839391760871, 1.0, -10.0, 1.4020299201625759, 0.5020828757120833], [0.019161291987511053, 0.06264321794318307, -0.5, -2.5, 2.2655062642883275, 0.41942523468516757], [0.05462296147508081, 0.08613522639792197, -2.5, -4.5, 2.7913801642342833, 0.2749304685682352], [0.08306699544063663, 0.028856977671911133, -4.5, 0.5, 0.9071214702324338, 0.36794847008705417], [0.06582251261040728, 0.06681938107733673, -6.5, 2.5, 1.06145646749704, 0.3947863922751033], [0.08643389595798796, 0.06691627423378756, -6.5, -5.5, 0.4334836839952978, 0.3802989624029439], [0.07716054089335969, 0.05377178641355137, 1.5, -10.5, 1.4423876250651824, 0.4840985915136131]]}