{"position": [[-2.879671335220337, 0.17214179039001465, 10.126891136169434], [-2.379671335220337, 0.17214179039001465, 6.626891136169434], [0.6203286647796631, -2.3278582096099854, 8.126891136169434], [0.6203286647796631, -2.3278582096099854, 3.6268911361694336], [0.12032866477966309, 0.17214179039001465, 10.126891136169434], [-2.379671335220337, -2.3278582096099854, 11.126891136169434], [-2.379671335220337, 0.17214179039001465, 9.626891136169434], [-1.879671335220337, 0.17214179039001465, 6.126891136169434], [1.120328664779663, -2.3278582096099854, 7.626891136169434], [1.120328664779663, -2.3278582096099854, 3.1268911361694336], [0.6203286647796631, 0.17214179039001465, 9.626891136169434], [-1.879671335220337, -2.3278582096099854, 10.626891136169434]], "number_of_bots": 2, "bot_trajectory": [[0.019654694421460905, 0.004100425788018325, -2.879671335220337, 10.126891136169434, 0.006269235655997162, 0.3709517876880982], [0.06601110416475534, 0.037290972327930036, -2.379671335220337, 6.626891136169434, 2.6130230750195627, 0.3651713242331942]]}