{"position": [[2.0, 0.1, 0.0], [1.0, 0.1, 3.0], [-3.0, 0.1, 3.5], [3.5, 3.1, 3.0], [5.5, 3.1, 3.0], [5.5, 0.1, 3.0], [2.5, 0.1, -0.5], [1.5, 0.1, 2.5], [-2.5, 0.1, 3.0], [4.0, 3.1, 2.5], [6.0, 3.1, 2.5], [6.0, 0.1, 2.5]], "number_of_bots": 6, "bot_trajectory": [[0.03592562566721087, 0.07588809707236725, 2.0, 0.0, 2.790371081574794, 0.4467273796600225], [0.0528692711100867, 0.004358072115264488, 1.0, 3.0, 2.7022064853805725, 0.49478603233009766], [0.08850002159276996, 0.04509787494909288, -3.0, 3.5, 0.764184960411241, 0.28070482208327485], [0.06858018001973545, 0.04550741738179476, 3.5, 3.0, 2.2267329263259015, 0.5034444938563619], [0.006904584692571958, 0.029983091093623637, 5.5, 3.0, 3.0719350320244936, 0.3493177020455865], [0.0875452319925207, 0.004348121894260282, 5.5, 3.0, 3.059949283944253, 0.44686733596336536]]}