{"position": [[3.0, 0.1, -2.0], [8.0, 0.1, -2.0], [8.0, 0.1, 1.0], [5.5, 0.1, 2.0], [-2.0, 0.1, 1.5], [1.0, 0.1, 1.5], [3.5, 0.1, -2.5], [8.5, 0.1, -2.5], [8.5, 0.1, 0.5], [6.0, 0.1, 1.5], [-1.5, 0.1, 1.0], [1.5, 0.1, 1.0]], "number_of_bots": 2, "bot_trajectory": [[0.09303436395908188, 0.07997005196058912, 3.0, -2.0, 1.9464654139545998, 0.4163137043051385], [0.0009996799387644861, 0.09165949047351496, 8.0, -2.0, 0.9589887134210043, 0.3663316924799573]]}