{"position": [[3.0, 0.1, -3.0], [-3.0, 0.1, -4.0], [-7.0, 0.1, -5.0], [3.0, -1.9, -4.0], [-4.0, -1.9, -6.0], [0.0, -1.9, 0.0], [3.5, 0.1, -3.5], [-2.5, 0.1, -4.5], [-6.5, 0.1, -5.5], [3.5, -1.9, -4.5], [-3.5, -1.9, -6.5], [0.5, -1.9, -0.5]], "number_of_bots": 8, "bot_trajectory": [[0.020601477861044337, 0.09648308872415547, 3.0, -3.0, 0.6708532555745802, 0.27101102367002305], [0.07691145860599703, 0.060767628980614954, -3.0, -4.0, 0.7085443369421782, 0.33734639902146213], [0.09657046381560594, 0.03665818374200973, -7.0, -5.0, 0.9984960823626798, 0.38039369642176624], [0.07623720115851534, 0.015066605187321159, 3.0, -4.0, 2.532125570228019, 0.39927483982866196], [0.0337785669395565, 0.03779982686419496, -4.0, -6.0, 1.820408567624389, 0.3053984801549457], [0.01644571587379009, 0.09880048083036695, 0.0, 0.0, 0.5264277136690815, 0.3370334182339833], [0.008039162699781766, 0.03776052998107291, 3.5, -3.5, 0.08032315029901384, 0.2783832639599444], [0.005855980972878871, 0.0025651316764946698, -2.5, -4.5, 3.0372572525982937, 0.4157489860925926]]}