{"position": [[-6.1771769523620605, 0.04619240760803223, -0.6012659072875977], [-1.1771769523620605, -2.4538075923919678, -0.10126590728759766], [-5.1771769523620605, -2.4538075923919678, -0.6012659072875977], [-4.1771769523620605, -2.4538075923919678, 0.39873409271240234], [-4.1771769523620605, 0.04619240760803223, -0.10126590728759766], [0.8228230476379395, -2.4538075923919678, -1.1012659072875977], [-5.6771769523620605, 0.04619240760803223, -1.1012659072875977], [-0.6771769523620605, -2.4538075923919678, -0.6012659072875977], [-4.6771769523620605, -2.4538075923919678, -1.1012659072875977], [-3.6771769523620605, -2.4538075923919678, -0.10126590728759766], [-3.6771769523620605, 0.04619240760803223, -0.6012659072875977], [1.3228230476379395, -2.4538075923919678, -1.6012659072875977]], "number_of_bots": 2, "bot_trajectory": [[0.01643928586208605, 0.008901873394516735, -6.1771769523620605, -0.6012659072875977, 0.5472088960198139, 0.4303559914510054], [0.026665226585851187, 0.07365847189933708, -1.1771769523620605, -0.10126590728759766, 0.9570346689624241, 0.47209766882390675]]}