{"position": [[-4.0, 0.1, -3.0], [3.0, 0.1, 4.0], [-7.0, 0.1, -2.0], [6.0, 0.1, -6.0], [7.0, 0.1, -9.0], [0.0, 4.1, 4.0], [-3.5, 0.1, -3.5], [3.5, 0.1, 3.5], [-6.5, 0.1, -2.5], [6.5, 0.1, -6.5], [7.5, 0.1, -9.5], [0.5, 4.1, 3.5]], "number_of_bots": 10, "bot_trajectory": [[0.083994914908157, 0.05225385651523311, -4.0, -3.0, 2.3305117000484628, 0.404468812712794], [0.014037512268014463, 0.09990280798422001, 3.0, 4.0, 0.4714713349206831, 0.4912297302287259], [0.07139427639812604, 0.08770996223554096, -7.0, -2.0, 1.023841415440779, 0.4526746259508462], [0.04460253636292298, 0.04179583240954843, 6.0, -6.0, 0.991599159824321, 0.3121611745808195], [0.06676808875880381, 0.09597421209986176, 7.0, -9.0, 0.859529354384714, 0.41239895182335495], [0.02210374105698757, 0.002377710122863963, 0.0, 4.0, 0.23226284887290619, 0.379054558242532], [0.05689988280772462, 0.05983643192384312, -3.5, -3.5, 1.064694274370758, 0.32843555725341933], [0.050121755496382425, 0.034246437737335975, 3.5, 3.5, 1.951349853737167, 0.28615878421468965], [0.04525305941946297, 0.06101759114079782, -6.5, -2.5, 1.7298585509834727, 0.35222701446390225], [0.09677697973139576, 0.025225193614582676, 6.5, -6.5, 0.6676480834830345, 0.3265314456458315]]}