{"position": [[1.0, 0.1, -7.0], [1.0, 0.1, -5.0], [1.0, 0.1, 4.0], [3.0, 0.1, -7.0], [3.0, 0.1, -6.0], [3.0, 0.1, 1.0], [1.5, 0.1, -7.5], [1.5, 0.1, -5.5], [1.5, 0.1, 3.5], [3.5, 0.1, -7.5], [3.5, 0.1, -6.5], [3.5, 0.1, 0.5]], "number_of_bots": 6, "bot_trajectory": [[0.0556038642357987, 0.07384510562955933, 1.0, -7.0, 2.268496306229067, 0.2769401253868406], [0.07279948936739003, 0.046261489998495685, 1.0, -5.0, 2.9560689681588967, 0.3563219390496923], [0.01432257107708601, 0.03334670062617192, 1.0, 4.0, 0.09619652134234224, 0.31419517161454946], [0.024094448937137313, 0.002582191262441669, 3.0, -7.0, 1.2236085588142218, 0.49439832233423375], [0.05061991789083391, 0.06376628567210542, 3.0, -6.0, 0.6654636559653739, 0.40279133176915954], [0.022546070648455274, 0.027223728729110275, 3.0, 1.0, 3.098513037626914, 0.3137748315086654]]}