{"position": [[-1.0, 0.0, -2.0], [-3.0, 0.0, -4.0], [-5.0, 0.0, 1.0], [-7.0, 0.0, 3.0], [-7.0, 0.0, -5.0], [1.0, 0.0, -10.0], [-0.5, 0.0, -2.5], [-2.5, 0.0, -4.5], [-4.5, 0.0, 0.5], [-6.5, 0.0, 2.5], [-6.5, 0.0, -5.5], [1.5, 0.0, -10.5]], "number_of_bots": 8, "bot_trajectory": [[0.04506615418017813, 0.09606842428024467, -1.0, -2.0, 1.7935717881935176, 0.485941477939555], [0.09228227277254891, 0.07827749475153115, -3.0, -4.0, 1.68992196834863, 0.4202098320645038], [0.07036403118101651, 0.02009938810314895, -5.0, 1.0, 1.1018829719434828, 0.4618818819880437], [0.07077711171375836, 0.09763499395668254, -7.0, 3.0, 0.8515223367309056, 0.33072580719838146], [0.04402113814905563, 0.09360892981368839, -7.0, -5.0, 1.8632007411741842, 0.3886397733391336], [0.033251256763998774, 0.08842063654352389, 1.0, -10.0, 2.8379780838120356, 0.3139544476684005], [0.06096277710863409, 0.054099876855867736, -0.5, -2.5, 1.2149874541530292, 0.29605141600594126], [0.07930288333788292, 0.0439596910746099, -2.5, -4.5, 2.5309422595969013, 0.507797974396559]]}