{"position": [[-1.0, 0.0, -2.0], [-3.0, 0.0, -4.0], [-5.0, 0.0, 1.0], [-7.0, 0.0, 3.0], [-7.0, 0.0, -5.0], [1.0, 0.0, -10.0], [-0.5, 0.0, -2.5], [-2.5, 0.0, -4.5], [-4.5, 0.0, 0.5], [-6.5, 0.0, 2.5], [-6.5, 0.0, -5.5], [1.5, 0.0, -10.5]], "number_of_bots": 6, "bot_trajectory": [[0.07843647674957285, 0.01503422726157525, -1.0, -2.0, 2.779162406158895, 0.3456462949716588], [0.07724072615517388, 0.05902300463348435, -3.0, -4.0, 2.6583067708005883, 0.40513760113446085], [0.0012875791203108445, 0.04308800016701285, -5.0, 1.0, 2.903296548986322, 0.45724168955787364], [0.030848496609983754, 0.028894858778038733, -7.0, 3.0, 2.8748198344520164, 0.4336730485500639], [0.06131862817455168, 0.008797721558787708, -7.0, -5.0, 0.02467901211916134, 0.34502971668398574], [0.0773314277893358, 0.059673136490161524, 1.0, -10.0, 2.8509801605309706, 0.3008291510700615]]}