{"position": [[-1.0, 0.0, -2.0], [-3.0, 0.0, -4.0], [-5.0, 0.0, 1.0], [-7.0, 0.0, 3.0], [-7.0, 0.0, -5.0], [1.0, 0.0, -10.0], [-0.5, 0.0, -2.5], [-2.5, 0.0, -4.5], [-4.5, 0.0, 0.5], [-6.5, 0.0, 2.5], [-6.5, 0.0, -5.5], [1.5, 0.0, -10.5]], "number_of_bots": 6, "bot_trajectory": [[0.07299533243356784, 0.04461593636622926, -1.0, -2.0, 2.899264185992207, 0.2931958259846024], [0.07647798323552177, 0.009228190948505688, -3.0, -4.0, 1.8094349338166456, 0.4957759355531675], [0.040138304631968366, 0.08219804302054161, -5.0, 1.0, 2.9811028751525352, 0.501862325105147], [0.055064812061685765, 0.0063517209699582855, -7.0, 3.0, 0.6823304687989472, 0.2701860615687295], [0.038017855237740115, 0.06588133458610469, -7.0, -5.0, 1.158697752206651, 0.3826438107221709], [0.08281544813558095, 0.057424484776831396, 1.0, -10.0, 1.294564472365848, 0.35841284029394815]]}