{"position": [[-0.7308346629142761, -1.6036559343338013, -2.812851905822754], [0.2691653370857239, 0.14634408056735992, -3.812851905822754], [-1.730834722518921, -1.6036559343338013, -3.812851905822754], [-2.730834722518921, 0.14634408056735992, -1.812851905822754], [-3.730834722518921, 0.14634408056735992, -1.812851905822754], [-0.7308346629142761, -1.6036559343338013, -0.8128519058227539], [-0.23083466291427612, -1.6036559343338013, -3.312851905822754], [0.7691653370857239, 0.14634408056735992, -4.312851905822754], [-1.230834722518921, -1.6036559343338013, -4.312851905822754], [-2.230834722518921, 0.14634408056735992, -2.312851905822754], [-3.230834722518921, 0.14634408056735992, -2.312851905822754], [-0.23083466291427612, -1.6036559343338013, -1.312851905822754]], "number_of_bots": 12, "bot_trajectory": [[0.08044921239605293, 0.07268069267810237, -0.7308346629142761, -2.812851905822754, 1.1087297991007552, 0.4800534038777384], [0.08143325856640951, 0.027151104844869812, 0.2691653370857239, -3.812851905822754, 1.2890269770685845, 0.2971821160701053], [0.08452333093886939, 0.05841254070764964, -1.730834722518921, -3.812851905822754, 2.7622272600102784, 0.407672337106994], [0.056496381764690885, 0.04910342390753858, -2.730834722518921, -1.812851905822754, 2.152247472409136, 0.41685823195961347], [0.06973777711704504, 0.021622138933401425, -3.730834722518921, -1.812851905822754, 1.9412689775336816, 0.5071434601866918], [0.07932053665894591, 0.023929583065837055, -0.7308346629142761, -0.8128519058227539, 1.02712629418596, 0.41708396515061863], [0.08032620654568182, 0.05504518921645487, -0.23083466291427612, -3.312851905822754, 1.7369715562461228, 0.5076885405410037], [0.0926624584481057, 0.04102960365882043, 0.7691653370857239, -4.312851905822754, 1.4540773763115038, 0.2993133325851195], [0.07203165883268857, 0.04081247078059831, -1.230834722518921, -4.312851905822754, 0.37346138350380903, 0.28268452545417727], [0.07177862756436906, 0.06594361613742515, -2.230834722518921, -2.312851905822754, 2.735387154394846, 0.34904012839096804], [0.07498755368294333, 0.046672577763509984, -3.230834722518921, -2.312851905822754, 2.4918669801531625, 0.4581446586073064], [0.06745586060723617, 0.05891350750243102, -0.23083466291427612, -1.312851905822754, 0.9350717368490551, 0.28132877200106865]]}