{"position": [[-1.0, 0.0, -2.0], [-3.0, 0.0, -4.0], [-5.0, 0.0, 1.0], [-7.0, 0.0, 3.0], [-7.0, 0.0, -5.0], [1.0, 0.0, -10.0], [-0.5, 0.0, -2.5], [-2.5, 0.0, -4.5], [-4.5, 0.0, 0.5], [-6.5, 0.0, 2.5], [-6.5, 0.0, -5.5], [1.5, 0.0, -10.5]], "number_of_bots": 10, "bot_trajectory": [[0.017557878292863826, 0.07297364601362741, -1.0, -2.0, 1.6224563129226641, 0.26333166579151285], [0.05576667161310721, 0.021516658994183722, -3.0, -4.0, 2.4419883781743255, 0.3719566607849668], [0.02490130949259737, 0.09828737503960625, -5.0, 1.0, 0.24288226775314137, 0.4870809973944573], [0.03253694864705302, 0.06644234794652366, -7.0, 3.0, 1.888640430250627, 0.3709037529173498], [0.02919839990846359, 0.0635777494653676, -7.0, -5.0, 2.336057909383638, 0.3114869654180489], [0.09847549227668095, 0.0425088163159192, 1.0, -10.0, 1.8540246705885315, 0.5069175936772565], [0.010690748604642742, 0.09232999831307259, -0.5, -2.5, 0.25568985620887946, 0.508677491433502], [0.09587617948498675, 0.07748810215005586, -2.5, -4.5, 1.5760754671517296, 0.4459031828705854], [0.09636906160905144, 0.08982750558103195, -4.5, 0.5, 2.9615209143720795, 0.3853089756223918], [0.0035496321375288577, 0.0995490270748871, -6.5, 2.5, 0.22321528691479856, 0.43789630371899874]]}