{"position": [[-1.0, 0.1, -2.0], [-3.0, 0.1, -4.0], [-7.0, 0.1, -2.0], [-9.0, 0.1, -2.0], [-14.0, 0.1, 1.0], [-12.0, 0.1, -1.0], [-0.5, 0.1, -2.5], [-2.5, 0.1, -4.5], [-6.5, 0.1, -2.5], [-8.5, 0.1, -2.5], [-13.5, 0.1, 0.5], [-11.5, 0.1, -1.5]], "number_of_bots": 10, "bot_trajectory": [[0.06260084596552153, 0.06435639342568175, -1.0, -2.0, 2.340341652766146, 0.46484882234951697], [0.056803420691236006, 0.0979511782233792, -3.0, -4.0, 0.31944263988105853, 0.4040673878940068], [0.0825710378099079, 0.01566910697087236, -7.0, -2.0, 0.36662062672133267, 0.42072404431586113], [0.09474949835897921, 0.04243266206490579, -9.0, -2.0, 1.244720469618957, 0.32149209739480017], [0.046585988426436395, 0.09560666230679382, -14.0, 1.0, 1.9071346718910827, 0.44842356175901565], [0.09985501655528681, 0.006506819030209676, -12.0, -1.0, 2.343276946074086, 0.30542590866459063], [0.07098703256145125, 0.07407710910084725, -0.5, -2.5, 2.7516904446263895, 0.44158058056566796], [0.014594821761602561, 0.07700071804628986, -2.5, -4.5, 0.6061144134529463, 0.37106676385300974], [0.09670678496454417, 0.08752017031473337, -6.5, -2.5, 0.0881619622100557, 0.3616878525377301], [0.051032554893143865, 0.041423027484147154, -8.5, -2.5, 2.643451871165978, 0.4306961907721906]]}