{"position": [[-1.0, 0.0, -2.0], [-3.0, 0.0, -4.0], [-5.0, 0.0, 1.0], [-7.0, 0.0, 3.0], [-7.0, 0.0, -5.0], [1.0, 0.0, -10.0], [-0.5, 0.0, -2.5], [-2.5, 0.0, -4.5], [-4.5, 0.0, 0.5], [-6.5, 0.0, 2.5], [-6.5, 0.0, -5.5], [1.5, 0.0, -10.5]], "number_of_bots": 10, "bot_trajectory": [[0.09336172803582257, 0.0528089064317888, -1.0, -2.0, 2.462677806921674, 0.46601737745986616], [0.06827118224124881, 0.07559729957146867, -3.0, -4.0, 2.4279631502186625, 0.29046220682846957], [0.06759260009364396, 0.06557097589186336, -5.0, 1.0, 1.858578625451106, 0.43630599501009215], [0.08795680947916426, 0.0821763221611386, -7.0, 3.0, 0.9535769562689026, 0.5217481784001421], [0.025314548732293496, 0.011305834909377954, -7.0, -5.0, 0.5470472036510147, 0.4985771941004178], [0.07015537555939377, 0.07166972856390545, 1.0, -10.0, 1.4776440382404932, 0.30562960339793266], [0.028402340341455067, 0.06412865623515164, -0.5, -2.5, 1.0482587874710187, 0.4240360958553041], [0.0671531994738239, 0.010273647331279246, -2.5, -4.5, 1.2172156293822507, 0.32265111615226094], [0.034540362980569686, 0.03652348476660035, -4.5, 0.5, 2.292671789671476, 0.3224077224626021], [0.0986736430508531, 0.0462113213642561, -6.5, 2.5, 0.9959077510278733, 0.2925099872676288]]}