{"position": [[-1.0, 0.0, -2.0], [-3.0, 0.0, -4.0], [-5.0, 0.0, 1.0], [-7.0, 0.0, 3.0], [-7.0, 0.0, -5.0], [1.0, 0.0, -10.0], [-0.5, 0.0, -2.5], [-2.5, 0.0, -4.5], [-4.5, 0.0, 0.5], [-6.5, 0.0, 2.5], [-6.5, 0.0, -5.5], [1.5, 0.0, -10.5]], "number_of_bots": 6, "bot_trajectory": [[0.09991118693803605, 0.08152398650289755, -1.0, -2.0, 1.2366533608302346, 0.48429111123839774], [0.04316475313347554, 0.028236862747305448, -3.0, -4.0, 0.3277695613819295, 0.5176906209257706], [0.01945046560588304, 0.06497433384691428, -5.0, 1.0, 1.3606590226110273, 0.4230477864624724], [0.02235678316173002, 0.044173460161202306, -7.0, 3.0, 3.131011100507616, 0.4671257496210264], [0.021955301943749207, 0.06859108892978284, -7.0, -5.0, 2.737991684538042, 0.44994765447684926], [0.09506632907081132, 0.037979538474705865, 1.0, -10.0, 1.4807569390279731, 0.27742837717460683]]}