{"position": [[-1.0, 0.0, -2.0], [-3.0, 0.0, -4.0], [-5.0, 0.0, 1.0], [-7.0, 0.0, 3.0], [-7.0, 0.0, -5.0], [1.0, 0.0, -10.0], [-0.5, 0.0, -2.5], [-2.5, 0.0, -4.5], [-4.5, 0.0, 0.5], [-6.5, 0.0, 2.5], [-6.5, 0.0, -5.5], [1.5, 0.0, -10.5]], "number_of_bots": 2, "bot_trajectory": [[0.0683159722922351, 0.020101157230701484, -1.0, -2.0, 1.9843724602340722, 0.4120597795795996], [0.09274791467548618, 0.0867264225100263, -3.0, -4.0, 0.683468525028725, 0.3667590292439673]]}