{"position": [[4.261014938354492, 1.6452293395996094, -0.049614667892456055], [1.7610149383544922, 1.6452293395996094, 0.45038533210754395], [-2.038985013961792, 1.6452293395996094, 0.7503853440284729], [-1.7389850616455078, 1.6452293395996094, 5.450385093688965], [-6.738985061645508, 1.6452293395996094, 4.950385093688965], [-3.738985061645508, 1.6452293395996094, 1.950385332107544], [4.761014938354492, 1.6452293395996094, -0.549614667892456], [2.261014938354492, 1.6452293395996094, -0.049614667892456055], [-1.538985013961792, 1.6452293395996094, 0.2503853440284729], [-1.2389850616455078, 1.6452293395996094, 4.950385093688965], [-6.238985061645508, 1.6452293395996094, 4.450385093688965], [-3.238985061645508, 1.6452293395996094, 1.450385332107544]], "number_of_bots": 10, "bot_trajectory": [[0.08347902817327298, 0.01943249172274828, 4.261014938354492, -0.049614667892456055, 2.404740765846844, 0.35997778476384446], [0.041295459863080475, 0.07621032517768453, 1.7610149383544922, 0.45038533210754395, 1.964347757910343, 0.34701794704256717], [0.03644289757088698, 0.009666761090127585, -2.038985013961792, 0.7503853440284729, 2.0374582886263526, 0.4932270942147299], [0.08626719148560705, 0.08267383361558542, -1.7389850616455078, 5.450385093688965, 0.6242228999780104, 0.4445047414387948], [0.05567482555013638, 0.055931386959185855, -6.738985061645508, 4.950385093688965, 1.263295447533803, 0.41354973763757386], [0.02054049860523901, 0.05962617325041951, -3.738985061645508, 1.950385332107544, 0.04048711589118793, 0.517710095738102], [0.04571972257583845, 0.05071339670156846, 4.761014938354492, -0.549614667892456, 1.8066373775815996, 0.28857300151817944], [0.0033324947124427464, 0.05754713471011998, 2.261014938354492, -0.049614667892456055, 2.5508571092620396, 0.4962055375554524], [0.08746813334685594, 0.03102543616834119, -1.538985013961792, 0.2503853440284729, 0.9271987570284775, 0.4057284139573045], [0.021763279553469718, 0.008482808416658527, -1.2389850616455078, 4.950385093688965, 2.7362605334977927, 0.46001910149546976]]}