{"position": [[-1.0, 0.0, -2.0], [-3.0, 0.0, -4.0], [-5.0, 0.0, 1.0], [-7.0, 0.0, 3.0], [-7.0, 0.0, -5.0], [1.0, 0.0, -10.0], [-0.5, 0.0, -2.5], [-2.5, 0.0, -4.5], [-4.5, 0.0, 0.5], [-6.5, 0.0, 2.5], [-6.5, 0.0, -5.5], [1.5, 0.0, -10.5]], "number_of_bots": 10, "bot_trajectory": [[0.04361966666227869, 0.02396034430611198, -1.0, -2.0, 0.26027602307319136, 0.30004008816175864], [0.09866997513245007, 0.039725131962929136, -3.0, -4.0, 0.2426690890521379, 0.2682413189265467], [0.029114364191993435, 0.04523632189519833, -5.0, 1.0, 0.1892398033451491, 0.5005158670214102], [0.07410609503690796, 0.012715007183641502, -7.0, 3.0, 1.77854519548708, 0.32856687752893116], [0.04689367022196629, 0.0967340705262959, -7.0, -5.0, 1.1335928113853415, 0.4357068823831132], [0.07744052728429432, 0.022735018940844343, 1.0, -10.0, 0.3441901312704653, 0.36699215394450874], [0.029184271031686138, 0.08157334104764674, -0.5, -2.5, 0.12379432838376572, 0.401396315200919], [0.014610057137410726, 0.0067345808356626515, -2.5, -4.5, 2.938941110106109, 0.47376699755799284], [0.005891431245739376, 0.04592012283270804, -4.5, 0.5, 0.32555704108662264, 0.47221573017737867], [0.0007132514690360803, 0.08110420847447139, -6.5, 2.5, 2.3608481098526855, 0.39654259322274793]]}