{"position": [[-1.0, 0.0, -2.0], [-3.0, 0.0, -4.0], [-5.0, 0.0, 1.0], [-7.0, 0.0, 3.0], [-7.0, 0.0, -5.0], [1.0, 0.0, -10.0], [-0.5, 0.0, -2.5], [-2.5, 0.0, -4.5], [-4.5, 0.0, 0.5], [-6.5, 0.0, 2.5], [-6.5, 0.0, -5.5], [1.5, 0.0, -10.5]], "number_of_bots": 6, "bot_trajectory": [[0.020058524408265478, 0.09799723401711746, -1.0, -2.0, 0.01591529577521946, 0.3923905671184912], [0.07600733186323139, 0.055058250824472965, -3.0, -4.0, 0.2994285490499666, 0.28418418622944885], [0.022209008787034145, 0.07152166985220887, -5.0, 1.0, 2.9942793067899824, 0.44168076329354394], [0.08481633994633656, 0.011124368350041292, -7.0, 3.0, 2.5690973927253578, 0.36800699727930986], [0.059692952104201294, 0.018884298771061535, -7.0, -5.0, 0.5150680307461404, 0.3297334432565173], [0.041870479451763, 0.04976711469660648, 1.0, -10.0, 3.1040607849549438, 0.44238722689067456]]}