{"position": [[-12.393312454223633, 0.1168089434504509, -1.6092073917388916], [-3.893312931060791, 0.1168089434504509, -3.409207344055176], [-12.393312454223633, 0.1168089434504509, -3.409207344055176], [-9.893312454223633, 0.1168089434504509, -2.409207344055176], [-13.893312454223633, 0.1168089434504509, 2.590792655944824], [-5.893312931060791, 0.1168089434504509, -2.409207344055176], [-11.893312454223633, 0.1168089434504509, -2.1092073917388916], [-3.393312931060791, 0.1168089434504509, -3.909207344055176], [-11.893312454223633, 0.1168089434504509, -3.909207344055176], [-9.393312454223633, 0.1168089434504509, -2.909207344055176], [-13.393312454223633, 0.1168089434504509, 2.090792655944824], [-5.393312931060791, 0.1168089434504509, -2.909207344055176]], "number_of_bots": 2, "bot_trajectory": [[0.055682975395281206, 0.07477950106157646, -12.393312454223633, -1.6092073917388916, 0.5572978422320676, 0.3542825568777662], [0.06148320898298391, 0.00671986298161793, -3.893312931060791, -3.409207344055176, 1.9760130752623482, 0.28299857940288925]]}