{"position": [[-2.8, 0.1, -0.2], [4.5, 0.1, 0.1], [0.7, 0.1, 2.5], [3.0, 0.1, -2.2], [-2.3, 0.1, 4.0], [3.0, 0.1, 4.0], [-2.3, 0.1, -0.7], [5.0, 0.1, -0.4], [1.2, 0.1, 2.0], [3.5, 0.1, -2.7], [-1.7999999999999998, 0.1, 3.5], [3.5, 0.1, 3.5]], "number_of_bots": 8, "bot_trajectory": [[0.09088339191809018, 0.02336678873200051, -2.8, -0.2, 2.5466680530895665, 0.5067940413761565], [0.027806446205866586, 0.08369938472660661, 4.5, 0.1, 2.5007419611947377, 0.504689004253712], [0.07715619776693164, 0.09298548507853058, 0.7, 2.5, 2.200117656303788, 0.4521207597181155], [0.07206867416004868, 0.08671108688829637, 3.0, -2.2, 2.0767962824629023, 0.4694451293188193], [0.009292196567559464, 0.0007098736776717796, -2.3, 4.0, 1.3707602407821187, 0.31488636759612165], [0.009001381343015247, 0.08894262537099942, 3.0, 4.0, 0.9170393849155045, 0.36960181033737916], [0.06688279858418951, 0.044107146259377686, -2.3, -0.7, 1.8837296025215478, 0.31991954228527153], [0.09153413766511867, 0.03511374452027659, 5.0, -0.4, 0.3472803795054112, 0.4251573817143056]]}