{"position": [[2.884296417236328, 2.940638780593872, 5.307255744934082], [2.384296417236328, 2.940638780593872, 4.807255744934082], [1.8842964172363281, 2.940638780593872, 4.307255744934082], [3.384296417236328, 2.940638780593872, 3.807255744934082], [2.384296417236328, 2.940638780593872, 3.307255744934082], [5.384296417236328, 0.9406387805938721, 3.307255744934082], [3.384296417236328, 2.940638780593872, 4.807255744934082], [2.884296417236328, 2.940638780593872, 4.307255744934082], [2.384296417236328, 2.940638780593872, 3.807255744934082], [3.884296417236328, 2.940638780593872, 3.307255744934082], [2.884296417236328, 2.940638780593872, 2.807255744934082], [5.884296417236328, 0.9406387805938721, 2.807255744934082]], "number_of_bots": 12, "bot_trajectory": [[0.06675910087766615, 0.04955760697408725, 2.884296417236328, 5.307255744934082, 2.3619536165871793, 0.49757758422790094], [0.020580169833875162, 0.0637553854202368, 2.384296417236328, 4.807255744934082, 2.9393405653958857, 0.3666412533265254], [0.08322171048111186, 0.020465373764936866, 1.8842964172363281, 4.307255744934082, 0.9439781428599238, 0.4819637981336067], [0.09545319120117599, 0.06999699227530257, 3.384296417236328, 3.807255744934082, 2.259337962620935, 0.35387701553341727], [0.0012750661937339647, 0.06454630931358504, 2.384296417236328, 3.307255744934082, 2.4559711354225717, 0.38455668665391196], [0.08828459814551434, 0.02732217888199967, 5.384296417236328, 3.307255744934082, 0.0865493373191965, 0.4065455347853223], [0.05931165090602183, 0.006382781418154637, 3.384296417236328, 4.807255744934082, 0.7349569673452979, 0.4827833505682605], [0.028013795402648735, 0.08001359841151165, 2.884296417236328, 4.307255744934082, 1.8572385905763904, 0.4679022114429445], [0.03452620332719242, 0.021469435882556065, 2.384296417236328, 3.807255744934082, 0.8436027620358197, 0.4749298465417914], [0.04276704622704756, 0.04030148849858001, 3.884296417236328, 3.307255744934082, 0.7622713789927865, 0.2992814284739803], [0.08336352763800195, 0.04761858447816514, 2.884296417236328, 2.807255744934082, 1.084904248370842, 0.36333090480905117], [0.007435669563977865, 0.08261889750919518, 5.884296417236328, 2.807255744934082, 2.047115801768577, 0.3366669027338022]]}