{"position": [[-1.1149041652679443, 0.3339807987213135, 4.389666557312012], [-2.1149041652679443, 0.3339807987213135, 2.389666795730591], [-3.1149041652679443, 0.3339807987213135, 4.389666557312012], [0.8850958347320557, 0.8339807987213135, 2.389666795730591], [2.8850958347320557, 0.8339807987213135, 2.389666795730591], [3.8850958347320557, 0.8339807987213135, 2.389666795730591], [-0.6149041652679443, 0.3339807987213135, 3.8896665573120117], [-1.6149041652679443, 0.3339807987213135, 1.8896667957305908], [-2.6149041652679443, 0.3339807987213135, 3.8896665573120117], [1.3850958347320557, 0.8339807987213135, 1.8896667957305908], [3.3850958347320557, 0.8339807987213135, 1.8896667957305908], [4.385095834732056, 0.8339807987213135, 1.8896667957305908]], "number_of_bots": 10, "bot_trajectory": [[0.004224321010891119, 0.00895396965426667, -1.1149041652679443, 4.389666557312012, 1.05962143789896, 0.3578992221770165], [0.026133045598466798, 0.025638797496911437, -2.1149041652679443, 2.389666795730591, 1.4477278981522133, 0.41500303880151856], [0.09429701837872347, 0.08668445462850197, -3.1149041652679443, 4.389666557312012, 2.140048870172138, 0.34941333554897247], [0.03219006075199302, 0.03813230999323436, 0.8850958347320557, 2.389666795730591, 2.818765755108617, 0.5047660057483287], [0.06651700722860283, 0.09034001446849657, 2.8850958347320557, 2.389666795730591, 1.3546312165896046, 0.29488753827645275], [0.008162682497295437, 0.0533178416447891, 3.8850958347320557, 2.389666795730591, 2.4986180243280236, 0.4433845926425947], [0.02315365064133066, 0.0023577851599267284, -0.6149041652679443, 3.8896665573120117, 2.2495855455069576, 0.4081585992138351], [0.07254222275250119, 0.09443104823532807, -1.6149041652679443, 1.8896667957305908, 0.16273928566619422, 0.4902918852729997], [0.08311436430795996, 0.06829190533875378, -2.6149041652679443, 3.8896665573120117, 0.17909640016325754, 0.38876455914162933], [0.009837599108571526, 0.02916760182618443, 1.3850958347320557, 1.8896667957305908, 0.943421816990283, 0.305064785305828]]}