{"position": [[-8.654632568359375, 0.8791172504425049, -4.7960686683654785], [-10.654632568359375, 0.8791172504425049, -6.7960686683654785], [-12.654632568359375, 0.8791172504425049, -1.7960686683654785], [-15.654632568359375, 0.8791172504425049, 2.4039313793182373], [-14.654632568359375, 0.8791172504425049, -7.7960686683654785], [-6.654632091522217, 0.8791172504425049, -12.79606819152832], [-8.154632568359375, 0.8791172504425049, -5.2960686683654785], [-10.154632568359375, 0.8791172504425049, -7.2960686683654785], [-12.154632568359375, 0.8791172504425049, -2.2960686683654785], [-15.154632568359375, 0.8791172504425049, 1.9039313793182373], [-14.154632568359375, 0.8791172504425049, -8.296068668365479], [-6.154632091522217, 0.8791172504425049, -13.29606819152832]], "number_of_bots": 12, "bot_trajectory": [[0.03221212856302198, 0.06486918561066105, -8.654632568359375, -4.7960686683654785, 1.4126083165724426, 0.45616853691143866], [0.02886663251764556, 0.015957210139525446, -10.654632568359375, -6.7960686683654785, 1.4476337411249307, 0.42617640852935945], [0.05630134106448263, 0.0910324908101561, -12.654632568359375, -1.7960686683654785, 2.9228034300872316, 0.3683921786540063], [0.06539652837679198, 0.031145084692408787, -15.654632568359375, 2.4039313793182373, 2.42775912485448, 0.2949558076330734], [0.0006209523899270986, 0.0005588963590216212, -14.654632568359375, -7.7960686683654785, 0.7493927615902489, 0.343447423538242], [0.06338507841694456, 0.0708175253739676, -6.654632091522217, -12.79606819152832, 0.9733982839466758, 0.44729447175643006], [0.015847800247376607, 0.0915361070788561, -8.154632568359375, -5.2960686683654785, 2.9515265817814185, 0.3952784567236419], [0.06290599899357159, 0.056678142313918656, -10.154632568359375, -7.2960686683654785, 2.829685323210688, 0.4160540292498379], [0.08936576471520627, 0.07977353805300771, -12.154632568359375, -2.2960686683654785, 1.2045505694446381, 0.4885080569391607], [0.08005487297111283, 0.04809747993193332, -15.154632568359375, 1.9039313793182373, 0.06261789647162226, 0.4459523115742513], [0.07362406732096008, 0.03535772878044442, -14.154632568359375, -8.296068668365479, 2.1187522068989937, 0.3802236799634041], [0.026194513785366615, 0.09603080178877181, -6.154632091522217, -13.29606819152832, 0.3147851468655831, 0.405209562672717]]}