{"position": [[-0.45618677139282227, -1.8477356433868408, 0.2840621769428253], [-1.4561867713928223, -1.8477356433868408, 0.2840621769428253], [-2.4561867713928223, -1.8477356433868408, 0.2840621769428253], [-3.4561867713928223, -1.8477356433868408, 0.2840621769428253], [-4.456186771392822, -1.8477356433868408, 0.2840621769428253], [-5.456186771392822, -1.8477356433868408, 0.2840621769428253], [0.043813228607177734, -1.8477356433868408, -0.21593782305717468], [-0.9561867713928223, -1.8477356433868408, -0.21593782305717468], [-1.9561867713928223, -1.8477356433868408, -0.21593782305717468], [-2.9561867713928223, -1.8477356433868408, -0.21593782305717468], [-3.9561867713928223, -1.8477356433868408, -0.21593782305717468], [-4.956186771392822, -1.8477356433868408, -0.21593782305717468]], "number_of_bots": 6, "bot_trajectory": [[0.02149696338289464, 0.09825657246232823, -0.45618677139282227, 0.2840621769428253, 2.148447749813975, 0.36936345848799396], [0.02627936125038205, 0.08776527808960655, -1.4561867713928223, 0.2840621769428253, 0.5766101431838138, 0.48661807402692775], [0.0004826394483566365, 0.048416567664159325, -2.4561867713928223, 0.2840621769428253, 1.4531693469526052, 0.5207113240486816], [0.007920447600010682, 0.045003986234541646, -3.4561867713928223, 0.2840621769428253, 0.6112093775992518, 0.42942628131067384], [0.07277358848446112, 0.005517715850268579, -4.456186771392822, 0.2840621769428253, 0.8890596683284332, 0.4882151954540477], [0.02374522064025978, 0.020502183428695142, -5.456186771392822, 0.2840621769428253, 2.2588029919857946, 0.49513502780073604]]}