{"position": [[-10.97703742980957, 0.2039327621459961, -2.594289779663086], [-3.9770379066467285, 0.2039327621459961, -3.594289779663086], [-2.9770379066467285, 0.2039327621459961, -3.594289779663086], [4.0229620933532715, 0.2039327621459961, -3.594289779663086], [2.0229620933532715, 0.2039327621459961, -3.594289779663086], [0.022962212562561035, 0.2039327621459961, -3.594289779663086], [-10.47703742980957, 0.2039327621459961, -3.094289779663086], [-3.4770379066467285, 0.2039327621459961, -4.094289779663086], [-2.4770379066467285, 0.2039327621459961, -4.094289779663086], [4.5229620933532715, 0.2039327621459961, -4.094289779663086], [2.5229620933532715, 0.2039327621459961, -4.094289779663086], [0.522962212562561, 0.2039327621459961, -4.094289779663086]], "number_of_bots": 4, "bot_trajectory": [[0.07212659618946751, 0.0947337372031793, -10.97703742980957, -2.594289779663086, 1.0291349553255424, 0.2831785807596221], [0.02709317726886614, 0.004409324300740314, -3.9770379066467285, -3.594289779663086, 1.6375093061438022, 0.48929028065079117], [0.0875852474423019, 0.04196951564319383, -2.9770379066467285, -3.594289779663086, 1.8626143058229236, 0.4854886255043242], [0.09183363945704962, 0.008985605602231583, 4.0229620933532715, -3.594289779663086, 1.9917195847141125, 0.49480012468537493]]}