{"position": [[-5.2, -1.0, 1.2], [-5.4, -1.0, 1.4], [-5.0, -1.0, 1.0], [-5.6, -1.0, 1.6], [-5.8, -1.0, 1.8], [-6.0, -1.0, 6.0]], "number_of_bots": 6, "bot_trajectory": [[0.012621037731203677, 0.08209754460639831, -5.2, 1.2, 2.36855896036012, 0.26583808747983906], [0.09832196243406548, 0.08948509622553458, -5.4, 1.4, 2.402178160114859, 0.42405041925030607], [0.09851757778895257, 0.06827996098562719, -5.0, 1.0, 2.7297789552741447, 0.41246532360323074], [0.06881423260538422, 0.014441735912032027, -5.6, 1.6, 2.5830613841605845, 0.5143796173993281], [0.09183126770872561, 0.024221851589149378, -5.8, 1.8, 0.709624760648846, 0.3222195509241309], [0.008384383943692331, 0.03669692622213524, -6.0, 6.0, 3.0661403801846547, 0.3055766612175074]]}