{"position": [[-1.0, 0.0, -2.0], [-3.0, 0.0, -4.0], [-5.0, 0.0, 1.0], [-7.0, 0.0, 3.0], [-7.0, 0.0, -5.0], [1.0, 0.0, -10.0]], "number_of_bots": 3, "bot_trajectory": [[0.07133221086920802, 0.04803808512196704, -1.0, -2.0, 2.780069667261226, 0.4645263140120612], [0.011183159679842281, 0.040986737711143584, -3.0, -4.0, 0.585556971277265, 0.33390699926816786], [0.0912339293058781, 0.09923606753075682, -5.0, 1.0, 1.7765887677734238, 0.48233424171801736]]}