{"position": [[-1.0, 0.0, -3.5], [4.0, 0.1, -1.5], [-1.0, -2.5, -0.5], [4.0, -2.5, -1.5], [-1.5, 2.9, -2.5], [3.7, 2.9, -1.5]], "number_of_bots": 4, "bot_trajectory": [[0.04945727795370157, 0.08310971135152316, -1.0, -3.5, 1.0673799354154414, 0.3269978006446257], [0.05038108536330806, 0.012003904759380613, 4.0, -1.5, 0.6095067626528634, 0.37195925590665185], [0.07993109315209726, 0.07218184066007026, -1.0, -0.5, 1.2415443902833085, 0.2800425784849607], [0.03345884750210694, 0.07395809438994225, 4.0, -1.5, 1.4488226153495483, 0.4476867743914302]]}