{"position": [[-1.0, 2.25, 2.0], [-3.0, 0.0, 5.0], [-5.0, 0.0, 5.0], [-7.0, 0.0, 5.0], [-7.0, 0.0, 6.0], [-5.5, 0.0, 4.5]], "number_of_bots": 3, "bot_trajectory": [[0.02766564338702492, 0.09408088321985486, -1.0, 2.0, 0.6019675897569813, 0.3498728178208835], [0.09864694804330114, 0.06259102422728693, -3.0, 5.0, 2.6942995671943772, 0.2970027576462134], [0.0037275294673650428, 0.03892691494742275, -5.0, 5.0, 2.1002517363161783, 0.27609514421495746]]}