{"position": [[-3.0, 0.0, -2.0], [-3.5, 0.0, -4.0], [-5.0, 0.0, 1.0], [0.0, 3.1, 0.0], [1.0, 3.1, -4.0], [-5.0, 3.5, -1.0]], "number_of_bots": 3, "bot_trajectory": [[0.023055628767913106, 0.09339540601155072, -3.0, -2.0, 1.654785481793393, 0.4024157867977757], [0.09355624844804969, 0.0803926011574779, -3.5, -4.0, 1.3381658165127681, 0.35947865413386704], [0.06913734421301357, 0.046802269463575664, -5.0, 1.0, 2.6544306203035553, 0.4005275714277403]]}