{"position": [[-1.0, 0.0, 1.0], [-3.0, 0.0, -5.0], [-7.5, 3.5, 1.5], [-7.5, 0.0, -7.75], [-7.0, 0.0, -5.0], [-6.0, 3.5, -5.5]], "number_of_bots": 1, "bot_trajectory": [[0.07897759676786975, 0.005554548784959745, -1.0, 1.0, 2.8514530125737934, 0.2751334153159438]]}