{"position": [[-1.0, 0.0, -2.0], [-3.0, 0.0, -2.0], [-3.0, -2.0, -2.0], [3.5, -2.0, -2.0], [3.5, 0.0, -2.5], [4.0, 0.0, -3.0]], "number_of_bots": 4, "bot_trajectory": [[0.028701813143080977, 0.053727854650036176, -1.0, -2.0, 0.2641788190092155, 0.4459022254236952], [0.045555951634090944, 0.009508493177700394, -3.0, -2.0, 1.6848828111095648, 0.33714172951581056], [0.07815214223115949, 0.09025376561814095, -3.0, -2.0, 1.052918841636591, 0.26519644012606464], [0.013054403124831249, 0.037895211719056056, 3.5, -2.0, 2.306498754956306, 0.4953971264752826]]}