{"position": [[-1.0, 0.0, 1.0], [-2.0, 0.0, 1.0], [-3.0, 0.0, 1.0], [1.0, 0.0, 1.0], [2.0, 0.0, 1.0], [3.0, 0.0, 1.0]], "number_of_bots": 6, "bot_trajectory": [[0.0708636195346883, 0.03366673051294714, -1.0, 1.0, 2.9682511231319473, 0.49587424452396806], [0.0042354677987236685, 0.027541094184847535, -2.0, 1.0, 1.0828170472184366, 0.2949462008739504], [0.05775597693705581, 0.004473076687297272, -3.0, 1.0, 0.9886514451852979, 0.460876906259452], [0.025529900022575956, 0.012971667906018048, 1.0, 1.0, 0.9605960255621143, 0.30707977950226917], [0.04470270430079545, 0.05005576022822058, 2.0, 1.0, 0.834774741830248, 0.5015634268733538], [0.08478238865624918, 0.06745364909852944, 3.0, 1.0, 0.7215367866051235, 0.39272468025430873]]}