{"position": [[-1.0, 0.0, -2.0], [-3.0, 0.0, -4.0], [-5.0, 0.0, 1.0], [-7.0, 0.0, 3.0], [-7.0, 0.0, -5.0], [1.0, 0.0, -10.0]], "number_of_bots": 2, "bot_trajectory": [[0.04883182635193173, 0.08692355441704755, -1.0, -2.0, 1.1200065428266515, 0.31649415000820874], [0.004172189442192209, 0.01785074207045837, -3.0, -4.0, 2.1928386048459125, 0.2826479364297243]]}