{"position": [[0.0, 0.0, 2.0], [5.0, -2.5, 2.5], [1.0, -2.5, 2.0], [2.0, -2.5, 3.0], [2.0, 0.0, 2.5], [7.0, -2.5, 1.5]], "number_of_bots": 2, "bot_trajectory": [[0.0918759840015218, 0.08393030797655676, 0.0, 2.0, 1.833488089025592, 0.38584107725675015], [0.05976734116685726, 0.021042065740599393, 5.0, 2.5, 0.2205689274327797, 0.28352556600066714]]}