{"position": [[-1.0, 0.0, -2.0], [-3.0, 0.0, -4.0], [-5.0, 0.0, 1.0], [-7.0, 0.0, 3.0], [-7.0, 0.0, -5.0], [1.0, 0.0, -10.0]], "number_of_bots": 2, "bot_trajectory": [[0.00629999539113274, 0.04710413268407204, -1.0, -2.0, 0.12467893759813699, 0.3410619405432027], [0.08540283588251209, 0.07811410218079827, -3.0, -4.0, 0.8797426149132251, 0.4360384445253803]]}