{"position": [[-1.0, 0.0, -2.0], [-3.0, 0.0, -4.0], [-5.0, 0.0, 1.0], [-7.0, 0.0, 3.0], [-7.0, 0.0, -5.0], [1.0, 0.0, -10.0]], "number_of_bots": 5, "bot_trajectory": [[0.09044553624398888, 0.06783798671347754, -1.0, -2.0, 2.187252108476423, 0.28314232531400807], [0.03360315611567806, 0.05177490704106108, -3.0, -4.0, 0.18326340016564482, 0.40169405140878545], [0.07139812616018193, 0.021731834574543286, -5.0, 1.0, 2.43790999753561, 0.2962774900977531], [0.09381807155367282, 0.01687424754566178, -7.0, 3.0, 0.30875316060529656, 0.38772844295711806], [0.000763171919945116, 0.07574950917908944, -7.0, -5.0, 1.9102950462573562, 0.46071024101412306]]}