{"position": [[-1.0, 0.0, -2.0], [-3.0, 0.0, -4.0], [-5.0, 0.0, 1.0], [-7.0, 0.0, 3.0], [-7.0, 0.0, -5.0], [1.0, 0.0, -10.0]], "number_of_bots": 6, "bot_trajectory": [[0.05140869623712076, 0.005741922031167568, -1.0, -2.0, 0.49884667302137276, 0.5090222663719717], [0.07325600982291854, 0.023350974103922274, -3.0, -4.0, 1.215550175592265, 0.4437709674868171], [0.08148133487723232, 0.023047431825543307, -5.0, 1.0, 0.1161863723491643, 0.3315946005726693], [0.08836874599946007, 0.09574400022308564, -7.0, 3.0, 1.2752641671143468, 0.30766840242580445], [0.08697848818249337, 0.013147353979550325, -7.0, -5.0, 2.8924775905154365, 0.38636495494550194], [0.06030662748729206, 0.02110963814012713, 1.0, -10.0, 2.804585335741978, 0.31979277259768696]]}