{"position": [[-4.0, 0.1, -3.0], [3.0, 0.1, 4.0], [-7.0, 0.1, -2.0], [6.0, 0.1, -6.0], [7.0, 0.1, -9.0], [0.0, 4.1, 4.0]], "number_of_bots": 5, "bot_trajectory": [[0.0076398404472506785, 0.061358540491390445, -4.0, -3.0, 1.9744372960983527, 0.4060071569119761], [0.05408014190784617, 0.001943509362481155, 3.0, 4.0, 0.7063470407559981, 0.3015231279332956], [0.014615041464493429, 0.09082839713586924, -7.0, -2.0, 2.363188474426124, 0.2824159346768487], [0.07360788858128467, 0.030374681338327846, 6.0, -6.0, 0.19568601976149466, 0.3063730714929469], [0.029722978133164157, 0.09984935931592351, 7.0, -9.0, 1.5640456181419036, 0.28051217760201086]]}