{"position": [[0.0, 1.3, 0.7], [4.0, 1.3, 0.1], [4.0, 1.3, 1.8], [3.0, -1.6, 0.0], [2.0, -1.6, 0.0], [3.5, -1.6, 0.0]], "number_of_bots": 2, "bot_trajectory": [[0.0956150740306935, 0.010714564310312836, 0.0, 0.7, 1.617737183138834, 0.4288718790935063], [0.0686161272211995, 0.07706321231584211, 4.0, 0.1, 2.470753698752313, 0.44108157954054905]]}