{"position": [[-1.5, 0.0, -2.5], [0.0, 0.0, -4.0], [4.25, 0.0, -4.5], [4.25, 0.0, -1.5], [4.25, 0.0, 2.5], [-5.0, 0.0, 2.5]], "number_of_bots": 5, "bot_trajectory": [[0.09345655816237251, 0.09205456065562218, -1.5, -2.5, 2.507511423596349, 0.5021248245952069], [0.09375430766664884, 0.019331909808134075, 0.0, -4.0, 0.4740921200248393, 0.4478619993778587], [0.04997356585702092, 0.039596917315597925, 4.25, -4.5, 2.7163005533695723, 0.45135687623309584], [0.03433091151542872, 0.04399614246354391, 4.25, -1.5, 0.38274562176036403, 0.39530834746680876], [0.014062166939051523, 0.01593047439443094, 4.25, 2.5, 0.6578238022952647, 0.5118905658632937]]}