{"position": [[-1.0, 0.0, -2.0], [-3.0, 0.0, -4.0], [-5.0, 0.0, 1.0], [-7.0, 0.0, 3.0], [-7.0, 0.0, -5.0], [1.0, 0.0, -10.0]], "number_of_bots": 2, "bot_trajectory": [[0.043009604138090574, 0.009748277413756067, -1.0, -2.0, 0.7921594572259942, 0.48680994112939824], [0.07740896248327159, 0.06888212678759717, -3.0, -4.0, 2.368247969082449, 0.4923193536846052]]}