{"position": [[2.0, 0.1, -2.0], [0.7, 0.1, -3.5], [6.0, 0.1, -1.5], [8.5, 0.1, 3.0], [15.0, 0.1, 8.5], [10.0, 0.0, 15.0]], "number_of_bots": 3, "bot_trajectory": [[0.05062177477767976, 0.006153306115115653, 2.0, -2.0, 0.16045813521934904, 0.3250018994450013], [0.043405996884994344, 0.06497346901493765, 0.7, -3.5, 1.092301829586482, 0.4961653800558737], [0.039715678613779185, 0.011382879746502473, 6.0, -1.5, 0.45236081255291033, 0.39817802131053776]]}