{"position": [[-2.5, 0.1, 0.0], [-5.0, 0.1, -0.5], [-0.0, -2.5, -1.0], [-9.0, 0.1, 0.0], [-5.0, 2.6, -0.0], [-8.0, 2.6, -0.0]], "number_of_bots": 1, "bot_trajectory": [[0.09727951305004319, 0.022181572580455944, -2.5, 0.0, 0.11770553358741945, 0.431793936219133]]}