{"position": [[-1.0, -1.75, -3.0], [0.0, 0.0, -4.0], [-2.0, -1.75, -4.0], [-3.0, 0.0, -2.0], [-4.0, 0.0, -2.0], [-1.0, -1.75, -1.0]], "number_of_bots": 5, "bot_trajectory": [[0.047774483536659265, 0.07790839366865582, -1.0, -3.0, 0.5363330076610623, 0.4298491777297761], [0.01785789735258946, 0.015762152769261906, 0.0, -4.0, 2.3371851583921432, 0.2791459153180917], [0.0717265408366184, 0.09276834926638064, -2.0, -4.0, 1.64445825539283, 0.335507133569781], [0.06126855783015951, 0.07353380631558729, -3.0, -2.0, 1.0534959527323282, 0.39410526382912936], [0.024139974641092365, 0.07656210680083177, -4.0, -2.0, 0.4157439127459175, 0.39249775772681905]]}