{"position": [[-1.0, 0.0, -2.0], [-3.0, 0.0, -4.0], [-5.0, 0.0, 1.0], [-7.0, 0.0, 3.0], [-7.0, 0.0, -5.0], [1.0, 0.0, -10.0]], "number_of_bots": 5, "bot_trajectory": [[0.07805981710291227, 0.004841367577646083, -1.0, -2.0, 2.494826752579365, 0.4376661462989465], [0.05725392362628802, 0.05404327224478182, -3.0, -4.0, 3.1046113833965623, 0.3885485866601279], [0.08111079185925708, 0.08561165453019468, -5.0, 1.0, 0.8078182340383229, 0.3030242813183522], [0.05068477207068338, 0.01870248853692822, -7.0, 3.0, 0.8494362781808821, 0.44309681692178426], [0.08883883728801852, 0.09075658718908529, -7.0, -5.0, 0.5516471004510533, 0.49112993480904343]]}