{"position": [[-1.0, 0.0, -2.0], [-3.0, 0.0, -4.0], [-5.0, 0.0, 1.0], [-7.0, 0.0, 3.0], [-7.0, 0.0, -5.0], [1.0, 0.0, -10.0]], "number_of_bots": 2, "bot_trajectory": [[0.0006398043660200137, 0.023687732263671, -1.0, -2.0, 0.1836465022133166, 0.4543190727670756], [0.08884556419279692, 0.0009226573201311927, -3.0, -4.0, 2.897584301233236, 0.46360385265804005]]}