{"position": [[-4.5, 0.0, -0.0], [-4.0, 0.0, -3.5], [-1.0, -2.5, -2.0], [-1.0, -2.5, -6.5], [-1.5, 0.0, 0.0], [-4.0, -2.5, 1.0]], "number_of_bots": 2, "bot_trajectory": [[0.011555428532749944, 0.007975380225657858, -4.5, -0.0, 0.9053356717410991, 0.3630904174470254], [0.008383339976403692, 0.09212983071590629, -4.0, -3.5, 2.3887597910057554, 0.27510287544922396]]}