{"position": [[-1.0, 0.0, -2.0], [-3.0, 0.0, -4.0], [-5.0, 0.0, 1.0], [-7.0, 0.0, 3.0], [-7.0, 0.0, -5.0], [1.0, 0.0, -10.0]], "number_of_bots": 5, "bot_trajectory": [[0.056645383323547314, 0.07736573345011069, -1.0, -2.0, 0.9955991872938904, 0.4759082294107774], [0.017823678620198503, 0.0651720644081297, -3.0, -4.0, 1.401917213030728, 0.2815707708360336], [0.04465880868220584, 0.08815418316359555, -5.0, 1.0, 2.7527710796731197, 0.5157649482715636], [0.06362833924801473, 0.008540411534723836, -7.0, 3.0, 1.3837748087082304, 0.358011816638583], [0.09160155611209103, 0.08630910539712862, -7.0, -5.0, 0.2196346641758001, 0.31921376518120137]]}