{"position": [[-1.2, 0.1, -4.0], [-1.3, 0.1, -5.0], [1.0, 4.05, 2.9], [2.0, 4.05, 3.5], [3.0, 4.25, 5.0], [3.5, 4.25, 5.5]], "number_of_bots": 4, "bot_trajectory": [[0.06817804984364832, 0.06749220334372986, -1.2, -4.0, 2.4118901812215925, 0.3794361227933285], [0.015983176599018746, 0.09714301615167478, -1.3, -5.0, 2.488165809281511, 0.347903097112028], [0.07088069358567091, 0.08972398896451945, 1.0, 2.9, 2.592712403278833, 0.3348080874852376], [0.08765870665763004, 0.09682493762407465, 2.0, 3.5, 3.073829626095497, 0.44214564574348914]]}