{"position": [[-1.0, 0.1, -2.0], [-3.0, 0.1, -4.0], [-7.0, 0.1, -2.0], [-9.0, 0.1, -2.0], [-14.0, 0.1, 1.0], [-12.0, 0.1, -1.0]], "number_of_bots": 5, "bot_trajectory": [[0.04230055790125685, 0.028074102254099665, -1.0, -2.0, 2.8755629806703684, 0.3112957991204984], [0.02157174148883595, 0.029552082404191805, -3.0, -4.0, 2.893233303668543, 0.3056082844317928], [0.09723021821438467, 0.07590245399169913, -7.0, -2.0, 1.5410028735837735, 0.31967504127168545], [0.08771086870254158, 0.0924839918878411, -9.0, -2.0, 0.6587945773285842, 0.45698981651052895], [0.020487420875583796, 0.004716125459660492, -14.0, 1.0, 2.1250634631988845, 0.5019122658068723]]}