{"position": [[1.0, 3.5, 1.0], [1.0, 3.5, 3.0], [-1.0, 3.5, 1.0], [-2.5, 3.5, 1.0], [-4.0, 3.5, 1.0], [-5.0, 3.5, 3.0]], "number_of_bots": 4, "bot_trajectory": [[0.014049779002136253, 0.006500067027700651, 1.0, 1.0, 0.20046372987202635, 0.37942387784836806], [0.050479120186354365, 0.03274014050429981, 1.0, 3.0, 0.08675226943060203, 0.37787114656353243], [0.00721065966338903, 0.07590967673148852, -1.0, 1.0, 2.885668370872825, 0.4490773430249019], [0.07835344475122853, 0.07382137808105163, -2.5, 1.0, 2.5499940871042734, 0.3778349335368984]]}