{"position": [[-1.0, 0.0, -2.0], [-3.0, 0.0, -4.0], [-5.0, 0.0, 1.0], [-7.0, 0.0, 3.0], [-7.0, 0.0, -5.0], [1.0, 0.0, -10.0]], "number_of_bots": 5, "bot_trajectory": [[0.07916920076088942, 0.07699232751022683, -1.0, -2.0, 2.181693081391269, 0.39650869559611873], [0.05598064127816858, 0.018126000517725026, -3.0, -4.0, 0.34583918852282497, 0.3820698506713113], [0.04677272218306805, 0.06952593503084162, -5.0, 1.0, 1.4531516985599484, 0.30006105755238716], [0.04229006984712826, 0.001676700657974517, -7.0, 3.0, 0.980552724770848, 0.3829551612771004], [0.0705864719806045, 0.04988937522786221, -7.0, -5.0, 2.841611195152273, 0.5225763002523234]]}