{"position": [[1.0, 0.1, -7.0], [1.0, 0.1, -5.0], [1.0, 0.1, 4.0], [3.0, 0.1, -7.0], [3.0, 0.1, -6.0], [3.0, 0.1, 1.0]], "number_of_bots": 3, "bot_trajectory": [[0.08284582214342592, 0.07627909604403436, 1.0, -7.0, 2.222117122338771, 0.4525102797052474], [0.06827384558997054, 0.0009870823378510974, 1.0, -5.0, 0.633882711847579, 0.5229024456637444], [0.04513319204958165, 0.04379303806827241, 1.0, 4.0, 1.6488197100437862, 0.3433775050378569]]}