{"position": [[-1.0, -2.5, 1.0], [-2.0, -2.5, -1.0], [-3.0, -2.5, 1.0], [1.0, -2.0, -1.0], [3.0, -2.0, -1.0], [4.0, -2.0, -1.0]], "number_of_bots": 5, "bot_trajectory": [[0.0364536435466681, 0.09382425705249985, -1.0, 1.0, 1.4415087956313086, 0.477416264523853], [0.00807901702111411, 0.06537122470363566, -2.0, -1.0, 1.9215330794632863, 0.41700732533691853], [0.023712373422920142, 0.0031817548269477023, -3.0, 1.0, 2.1422089412154905, 0.30364413765350856], [0.009529746740907485, 0.08933101336066968, 1.0, -1.0, 3.1281395630707625, 0.27899638337117033], [0.026757225569467448, 0.06127943601691366, 3.0, -1.0, 1.2792267615179889, 0.3491427363806]]}