{"position": [[0.0, 0.0, 3.0], [2.0, 0.0, 2.75], [3.0, 0.0, 2.75], [2.5, 0.0, 2.75], [0.5, 0.0, 3.0], [3.5, 0.0, 2.0]], "number_of_bots": 1, "bot_trajectory": [[0.013831132597406792, 0.05498088352810734, 0.0, 3.0, 1.3072507639694189, 0.3767670938255351]]}