{"position": [[-1.0, 0.0, -2.0], [-3.0, 0.0, -4.0], [-5.0, 0.0, 1.0], [-7.0, 0.0, 3.0], [-7.0, 0.0, -5.0], [1.0, 0.0, -10.0]], "number_of_bots": 5, "bot_trajectory": [[0.08448219760668689, 0.014128312957231094, -1.0, -2.0, 2.2327447512868206, 0.264525145109763], [0.0677006755847077, 0.04490107765731555, -3.0, -4.0, 1.7119699479955153, 0.2907195011456909], [0.09629633990957571, 0.07847653920424602, -5.0, 1.0, 2.5849713930793334, 0.3499974056538142], [0.04522375095985222, 0.029703080967515484, -7.0, 3.0, 1.4747783585823209, 0.35490105683906525], [0.0671481116784688, 0.049768129879438204, -7.0, -5.0, 1.345824522125233, 0.47413234852639796]]}