{"position": [[-1.0, 0.0, -2.0], [-3.0, 0.0, -4.0], [-5.0, 0.0, 1.0], [-8.0, 0.0, 5.2], [-7.0, 0.0, -5.0], [1.0, 0.0, -10.0]], "number_of_bots": 5, "bot_trajectory": [[0.021365128460257322, 0.04438698576838377, -1.0, -2.0, 1.78196828795163, 0.41354016122247594], [0.04554135774571334, 0.007763206724750571, -3.0, -4.0, 1.5360658455455665, 0.466125412709877], [0.06639905130842984, 0.001243893791651096, -5.0, 1.0, 0.7817995954962292, 0.30999811505180636], [0.029750010669544347, 0.04063539992719008, -8.0, 5.2, 0.5363056102871546, 0.2871354796984395], [0.03736410525277114, 0.037157906573124844, -7.0, -5.0, 0.5322533307869916, 0.27296545881536544]]}