{"position": [[-1.5, 0.1, -2.5], [3.6, 0.1, -0.5], [-9.5, 0.1, -1.0], [0.0, 3.1, 2.0], [8.0, 0.1, 4.5], [-3.0, 3.1, 1.0]], "number_of_bots": 4, "bot_trajectory": [[0.06539652151669453, 0.054490099566607386, -1.5, -2.5, 1.7947447324827184, 0.27069039205030554], [0.08061975243815032, 0.04746782754137494, 3.6, -0.5, 2.587172718874327, 0.2805923644399368], [0.006382753904397432, 0.09340533765217424, -9.5, -1.0, 0.5121408541610538, 0.5147443340376732], [0.043441339331285855, 0.011007228986717677, 0.0, 2.0, 1.8263258533793354, 0.29211437191739853]]}