{"position": [[-1.0, 0.0, -2.0], [-3.0, 0.0, -4.0], [-5.0, 0.0, 1.0], [-7.0, 0.0, 3.0], [-7.0, 0.0, -5.0], [1.0, 0.0, -10.0]], "number_of_bots": 4, "bot_trajectory": [[0.08488675317461801, 0.07297574321914854, -1.0, -2.0, 2.144353004028301, 0.4011180900000278], [0.022576110045826124, 0.08234712860600463, -3.0, -4.0, 2.643277553561647, 0.3004712713257026], [0.052291536536290116, 0.08671861102036246, -5.0, 1.0, 3.0719092441846927, 0.33655081861847974], [0.004768436434860923, 0.08750518341690003, -7.0, 3.0, 1.2999195837997324, 0.2745201931485872]]}