{"position": [[-8.0, 0.0, -2.0], [-7.0, 0.0, -3.0], [-3.0, 0.0, -4.0], [-4.0, 0.0, -5.0], [-5.0, 0.0, -2.0], [-3.0, 0.0, -4.0]], "number_of_bots": 1, "bot_trajectory": [[0.05326323948388578, 0.05281109877252425, -8.0, -2.0, 0.016920316489149947, 0.479699771462034]]}