{"position": [[-1.0, 0.0, -2.0], [-3.0, 0.0, -4.0], [-5.0, 0.0, 1.0], [-7.0, 0.0, 3.0], [-7.0, 0.0, -5.0], [1.0, 0.0, -10.0]], "number_of_bots": 2, "bot_trajectory": [[0.06559920250163345, 0.01798532804920322, -1.0, -2.0, 0.4587807025061359, 0.4859063672016198], [0.09108792165698383, 0.05299966092251994, -3.0, -4.0, 0.4036024144468798, 0.3829406697017747]]}