{"position": [[0.0, 0.1, -4.0], [-6.0, 0.1, -4.0], [5.0, 0.1, -6.0], [-7.0, 0.0, -1.0], [-7.0, 3.1, -2.3], [-2.0, 3.1, -2.3]], "number_of_bots": 3, "bot_trajectory": [[0.017764987532419407, 0.07976549993013429, 0.0, -4.0, 0.2230073979101363, 0.39116288182969133], [0.039327354727399885, 0.08930643432959393, -6.0, -4.0, 1.1062560196114999, 0.4723373938833637], [0.05342105057267175, 0.07310035976792112, 5.0, -6.0, 1.8456685476764823, 0.30768582541396705]]}