{"position": [[-1.0, 0.1, -2.0], [-3.0, 0.1, -4.0], [1.0, 0.1, 4.0], [-4.0, 0.1, 4.5], [-4.0, 0.1, 2.5], [3.0, 0.1, 1.5]], "number_of_bots": 4, "bot_trajectory": [[0.08517263513261711, 0.027837530021432688, -1.0, -2.0, 2.3761283254457135, 0.4102597663777035], [0.019623056177624876, 0.06397157499057574, -3.0, -4.0, 2.006780139233063, 0.3724305959206471], [0.0656496254610687, 0.04394279007459999, 1.0, 4.0, 2.429586005203241, 0.32229291096138296], [0.03167085639776762, 0.02345431648487307, -4.0, 4.5, 1.3781242635959485, 0.4217901633410218]]}