{"position": [[-0.5, 0.1, -3.0], [0.5, 0.1, -4.5], [-0.0, 3.6, -2.0], [1.0, 3.6, -4.0], [2.0, 0.1, -1.0], [3.0, 3.6, -4.0]], "number_of_bots": 4, "bot_trajectory": [[0.080426152352217, 0.05806998189798461, -0.5, -3.0, 1.8873313931364735, 0.36776482546476924], [0.08324136885303365, 0.025790147872453584, 0.5, -4.5, 1.9036190534126314, 0.44938046346164506], [0.09447773896324527, 0.07994216523793893, -0.0, -2.0, 1.5006326816703996, 0.3256955120371736], [0.022245139578595773, 0.032182437459952806, 1.0, -4.0, 2.6222036719831205, 0.4457645238822085]]}