{"position": [[1.0, 0.1, 2.0], [-1.0, 0.1, 3.0], [-5.0, 0.1, 1.0], [-7.0, 0.1, 3.0], [-6.0, 0.1, 5.5], [-5.25, 0.1, 6.75]], "number_of_bots": 5, "bot_trajectory": [[0.06713525660997825, 0.0010189103372790441, 1.0, 2.0, 2.677049707626496, 0.48916101013828917], [0.0852014786765428, 0.003897299063428683, -1.0, 3.0, 1.8499075422627296, 0.43361810996916095], [0.06658758561070494, 0.034704971008284013, -5.0, 1.0, 0.8840843328795247, 0.3130400352134199], [0.028255116388392166, 0.09166825013097671, -7.0, 3.0, 0.9887753235322619, 0.4020571307762081], [0.025613427326438353, 0.09613480297791561, -6.0, 5.5, 0.03517697947678473, 0.4177815470809745]]}