{"position": [[-2.0, 0.0, 1.0], [-3.0, 0.0, 1.0], [2.5, 0.0, -1.0], [2.5, 0.0, 1.5], [-4.0, 0.0, 1.5], [2.0, 0.0, 1.0]], "number_of_bots": 2, "bot_trajectory": [[0.025152042175876865, 0.04293124130243394, -2.0, 1.0, 1.9460772577461931, 0.4990700491988022], [0.03990982047702768, 0.020025559874390874, -3.0, 1.0, 1.337326474145215, 0.2817903270627895]]}