{"position": [[-1.0, 0.0, -2.0], [-10.0, 0.0, -2.0], [-5.0, 0.0, -2.0], [5.0, 0.0, -2.0], [7.0, 0.0, -2.0], [10.0, 0.0, -2.0]], "number_of_bots": 2, "bot_trajectory": [[0.0036415789840242075, 0.05540131008516228, -1.0, -2.0, 1.7546816754665175, 0.3875842406687745], [0.06687618637298734, 0.09055781337444255, -10.0, -2.0, 2.842019893755428, 0.44525720068501123]]}