{"position": [[-2.8, 0.1, -0.2], [4.5, 0.1, 0.1], [0.7, 0.1, 2.5], [3.0, 0.1, -2.2], [-2.3, 0.1, 4.0], [3.0, 0.1, 4.0]], "number_of_bots": 3, "bot_trajectory": [[0.08981560449367997, 0.02494203946629018, -2.8, -0.2, 2.9534121100908495, 0.4340947617615223], [0.055775030257993, 0.00984177681514462, 4.5, 0.1, 0.1296016330517654, 0.4875948444816169], [0.06479034197095715, 0.025003626909413157, 0.7, 2.5, 1.7175665484380565, 0.502479360968973]]}