{"position": [[3.693406581878662, 2.3802452087402344, 1.0078904628753662], [1.693406581878662, 0.13024508953094482, 4.007890701293945], [-0.3065934181213379, 0.13024508953094482, 4.007890701293945], [-2.306593418121338, 0.13024508953094482, 4.007890701293945], [-2.306593418121338, 0.13024508953094482, 5.007890701293945], [-0.8065934181213379, 0.13024508953094482, 3.507890462875366], [4.193406581878662, 2.3802452087402344, 0.5078904628753662], [2.193406581878662, 0.13024508953094482, 3.5078907012939453], [0.1934065818786621, 0.13024508953094482, 3.5078907012939453], [-1.806593418121338, 0.13024508953094482, 3.5078907012939453], [-1.806593418121338, 0.13024508953094482, 4.507890701293945], [-0.3065934181213379, 0.13024508953094482, 3.007890462875366]], "number_of_bots": 6, "bot_trajectory": [[0.017452745261975555, 0.03420833598688833, 3.693406581878662, 1.0078904628753662, 0.7441296412152872, 0.3499005928244516], [0.02225411007245187, 0.07165025252766699, 1.693406581878662, 4.007890701293945, 0.597995103869125, 0.30486609289666633], [0.08388866184703962, 0.048213481165733076, -0.3065934181213379, 4.007890701293945, 2.8040013202983243, 0.30361637307702627], [0.021725259290072373, 0.01949764798825443, -2.306593418121338, 4.007890701293945, 1.0430873684490964, 0.2699498118713716], [0.03125921935121837, 0.06373813769648233, -2.306593418121338, 5.007890701293945, 2.385115493406137, 0.41094630357502804], [0.07102403859661482, 0.09803712520889539, -0.8065934181213379, 3.507890462875366, 1.5750335085772387, 0.42797372960012525]]}