{"position": [[2.0, 0.1, -2.0], [0.7, 0.1, -3.5], [6.0, 0.1, -1.5], [8.5, 0.1, 3.0], [15.0, 0.1, 8.5], [10.0, 0.0, 15.0], [2.5, 0.1, -2.5], [1.2, 0.1, -4.0], [6.5, 0.1, -2.0], [9.0, 0.1, 2.5], [15.5, 0.1, 8.0], [10.5, 0.0, 14.5]], "number_of_bots": 8, "bot_trajectory": [[0.013114698641715083, 0.04473814598588921, 2.0, -2.0, 0.3254706208185192, 0.2797454993742702], [0.020633539786645772, 0.05481121679065134, 0.7, -3.5, 0.8649662744425002, 0.45614348783971376], [0.07856149576037255, 0.017328312405631353, 6.0, -1.5, 0.55637038922518, 0.5120789043176921], [0.034920504932396124, 0.04924753864928416, 8.5, 3.0, 1.518450207740345, 0.3692703944795127], [0.08248302769414215, 0.03166414783308458, 15.0, 8.5, 0.5383086572230245, 0.4410245357762206], [0.08509572661408096, 0.004534327043166131, 10.0, 15.0, 0.9099370383123725, 0.4789837025230484], [0.09632914246829614, 0.028859289573471093, 2.5, -2.5, 0.1240428627276916, 0.5070472189086113], [0.012770112417891966, 0.0998729569509603, 1.2, -4.0, 2.141780229027809, 0.35147081674851643]]}