{"position": [[-0.26171499490737915, 0.18171706795692444, 0.25960326194763184], [8.138284683227539, 0.18171706795692444, 0.6596032381057739], [5.138285160064697, 0.18171706795692444, 0.6596032381057739], [8.438284873962402, 0.18171706795692444, 2.1596033573150635], [8.938284873962402, 0.18171706795692444, 1.8596032857894897], [7.938284873962402, 0.18171706795692444, 2.4596033096313477], [0.23828500509262085, 0.18171706795692444, -0.24039673805236816], [8.638284683227539, 0.18171706795692444, 0.15960323810577393], [5.638285160064697, 0.18171706795692444, 0.15960323810577393], [8.938284873962402, 0.18171706795692444, 1.6596033573150635], [9.438284873962402, 0.18171706795692444, 1.3596032857894897], [8.438284873962402, 0.18171706795692444, 1.9596033096313477]], "number_of_bots": 2, "bot_trajectory": [[0.017422646040843946, 0.041082636172960305, -0.26171499490737915, 0.25960326194763184, 0.5609990679490329, 0.3261973089714362], [0.06979057563433837, 0.03317720850983415, 8.138284683227539, 0.6596032381057739, 0.10006872677563043, 0.37777418261188567]]}