{"position": [[-3.0, 0.1, -0.0], [-5.5, 0.1, -0.0], [4.0, 0.1, 0.0], [6.0, 0.1, 3.0], [1.0, 0.1, 3.0], [-4.0, 0.1, 3.0], [-2.5, 0.1, -0.5], [-5.0, 0.1, -0.5], [4.5, 0.1, -0.5], [6.5, 0.1, 2.5], [1.5, 0.1, 2.5], [-3.5, 0.1, 2.5]], "number_of_bots": 12, "bot_trajectory": [[0.02024878646150725, 0.07735856169716945, -3.0, -0.0, 0.21202947991978985, 0.49378786844073486], [0.06162826329465739, 0.06098213812451138, -5.5, -0.0, 0.6363099444015419, 0.391981233666862], [0.006120434758766824, 0.024488802646302533, 4.0, 0.0, 2.0892056834227644, 0.4498276048001377], [0.07490580822325459, 0.02192188973228739, 6.0, 3.0, 2.2852773996881193, 0.3399771460741139], [0.031186199797277582, 0.02116343835669111, 1.0, 3.0, 2.4390080211503693, 0.359114184501429], [0.08626581424108729, 0.040459016731847985, -4.0, 3.0, 2.3702515033179776, 0.4443226143894135], [0.034443112927061495, 0.09582875896713439, -2.5, -0.5, 2.400750475820366, 0.34404862605191], [0.06506396996600593, 0.060232268562584346, -5.0, -0.5, 2.7996064697409433, 0.3962971912815762], [0.06201565837955293, 0.09900578634811617, 4.5, -0.5, 1.052680745935324, 0.3040011026511252], [0.016191439460062185, 0.03362499491422201, 6.5, 2.5, 2.586891018238048, 0.39445597270891075], [0.05853450658754755, 0.09955786908178785, 1.5, 2.5, 1.6961585337504352, 0.5228280284907822], [0.04776432619698813, 0.06897825927978309, -3.5, 2.5, 1.1219574046737555, 0.2662454730241209]]}