{"position": [[-1.0, 0.0, -2.0], [-3.0, 0.0, -4.0], [-5.0, 0.0, 1.0], [-7.0, 0.0, 3.0], [-7.0, 0.0, -5.0], [1.0, 0.0, -10.0], [-0.5, 0.0, -2.5], [-2.5, 0.0, -4.5], [-4.5, 0.0, 0.5], [-6.5, 0.0, 2.5], [-6.5, 0.0, -5.5], [1.5, 0.0, -10.5]], "number_of_bots": 4, "bot_trajectory": [[0.08207994723051401, 0.014118789345435988, -1.0, -2.0, 1.7803865964354388, 0.3550468415235004], [0.0949258316176077, 0.03792762530339446, -3.0, -4.0, 1.1780574843737455, 0.3520826147160457], [0.037142142289072366, 0.013244118621201173, -5.0, 1.0, 2.687422463451716, 0.3479598275369797], [0.037725374094458655, 0.011415549672902748, -7.0, 3.0, 1.3159445961250866, 0.27802733805527047]]}