{"position": [[-1.0, 0.0, -2.0], [-3.0, 0.0, -4.0], [-5.0, 0.0, 1.0], [-7.0, 0.0, 3.0], [-7.0, 0.0, -5.0], [1.0, 0.0, -10.0], [-0.5, 0.0, -2.5], [-2.5, 0.0, -4.5], [-4.5, 0.0, 0.5], [-6.5, 0.0, 2.5], [-6.5, 0.0, -5.5], [1.5, 0.0, -10.5]], "number_of_bots": 2, "bot_trajectory": [[0.04403885791509712, 0.07124394217374035, -1.0, -2.0, 1.6061639485295087, 0.29050946362746105], [0.06395234265832045, 0.0357531884677451, -3.0, -4.0, 0.361135435884869, 0.2659819861165353]]}