{"position": [[-1.2, 0.0, -5.0], [-2.0, 0.0, -4.0], [-8.0, 0.0, -5.0], [4.0, 0.0, -3.0], [-3.0, 0.0, -7.0], [4.5, 0.0, 1.0], [-0.7, 0.0, -5.5], [-1.5, 0.0, -4.5], [-7.5, 0.0, -5.5], [4.5, 0.0, -3.5], [-2.5, 0.0, -7.5], [5.0, 0.0, 0.5]], "number_of_bots": 8, "bot_trajectory": [[0.07973912666210459, 0.02487562692285723, -1.2, -5.0, 1.3434926561483136, 0.31243996278716685], [0.03346560117463161, 0.028774041165018915, -2.0, -4.0, 2.3306948776400165, 0.5166603245000034], [0.07728815952123433, 0.00933761797953896, -8.0, -5.0, 2.431309898419194, 0.3284775360799736], [0.038603210859449996, 0.0699280558360231, 4.0, -3.0, 1.358412215244313, 0.4385065345138973], [0.039138469214344294, 0.08768372249072853, -3.0, -7.0, 0.10377822551636508, 0.5040878758079965], [0.05556182047538384, 0.09325590717308253, 4.5, 1.0, 0.47687434338958046, 0.41178420887672673], [0.07455975437268907, 0.08274319381708156, -0.7, -5.5, 2.7162580131375424, 0.3084971178756496], [0.0037310772554697723, 0.08116275561453698, -1.5, -4.5, 0.5748975084432311, 0.3529892233459702]]}