{"position": [[-0.5, 0.1, -3.0], [0.5, 0.1, -4.5], [-0.0, 3.6, -2.0], [1.0, 3.6, -4.0], [2.0, 0.1, -1.0], [3.0, 3.6, -4.0], [0.0, 0.1, -3.5], [1.0, 0.1, -5.0], [0.5, 3.6, -2.5], [1.5, 3.6, -4.5], [2.5, 0.1, -1.5], [3.5, 3.6, -4.5]], "number_of_bots": 6, "bot_trajectory": [[0.09022217688889592, 0.09243593144289552, -0.5, -3.0, 0.06123320434698825, 0.46449385951523825], [0.09367936002209845, 0.022190785579558826, 0.5, -4.5, 1.314369552606092, 0.3450885362211975], [0.037400696900460016, 0.09706243713821469, -0.0, -2.0, 0.8662158955652253, 0.5172821618628989], [0.08431773371286233, 0.09649422686359047, 1.0, -4.0, 1.7797149520232414, 0.504678297575532], [0.03508581931058176, 0.01839084029559318, 2.0, -1.0, 2.0453972440363444, 0.3333356141407169], [0.014132707660775179, 0.013392047509157257, 3.0, -4.0, 0.8596166489325372, 0.4659357612482812]]}